date,title,domain,relevance_score,sentiment_predicted_FinBERT,numeric_sentiment_FinBERT,sentiment_trend_FinBERT,sentiment_predicted_QWEN,qwen_reason,sentiment_trend_QWEN
2024-09-18 15:15:00,China announces sanctions on US companies selling arms to self - ruled Taiwan,abcnews.go.com,-3.643741369247437,negative,-1,-1,0,"China's sanctions on US arms sales to Taiwan may lead to diplomatic tensions, potentially affecting US-China relations and TikTok's operating environment in the US.",0
2024-09-19 17:45:00,Woman on TikTok searches for airline passenger family after friendly encounter on flight,foxnews.com,-4.347397804260254,neutral,0,-1,0,"The headline is unrelated to any legal, political, or regulatory actions regarding TikTok's status in the US.",0
2024-09-20 09:30:00,Travelers on TikTok are making grocery stores the hottest vacation  destination  ,foxnews.com,-4.171425819396973,neutral,0,-1,0,The headline is unrelated to any regulatory actions or bans regarding TikTok.,0
2024-09-23 17:15:00,"US seeks to ban Chinese software from cars , citing national security concerns",abcnews.go.com,-1.4026695489883425,negative,-1,-2,0,"The headline shows an expansion of national security concerns to include Chinese software in cars, which may indicate broader regulatory scrutiny of Chinese tech companies, potentially including TikTok.",0
2024-09-23 19:00:00,"Book censorship slows but remains stubbornly high in 2024 , American Library Association says",nbcnews.com,-3.6620264053344727,negative,-1,-3,-1,The headline is about book censorship and does not relate to TikTok or its potential banning in the US.,-1
2024-09-23 19:15:00,US to ban Chinese tech in cars,bbc.com,-2.0415713787078857,neutral,0,-3,-1,The headline is unrelated to TikTok and does not affect the likelihood of a TikTok ban in the US.,-2
2024-09-23 23:30:00,"TikTok removes Russian state media outlets RT and Sputnik , citing  covert influence operations  ",nbcnews.com,-2.576002597808838,negative,-1,-4,0,The headline is unrelated to the likelihood of a TikTok ban in the US.,-2
2024-09-24 21:00:00,TikTok purges accounts tied to Russian media RT and Sputnik over  covert influence  efforts ahead of US election,cnn.com,-2.735359668731689,negative,-1,-5,-1,"The headline shows an action by TikTok to remove accounts linked to Russian media, which could reduce concerns about influence operations and potentially weaken the case for a ban.",-3
2024-09-25 00:45:00,TikTok removes Russian state media accounts for  covert influence operation ahead of US election,abcnews.go.com,-1.665297031402588,neutral,0,-5,-1,The headline shows an obstacle to the ban effort as it relates to TikTok's compliance with regulations.,-4
2024-09-25 20:00:00,Walz failed to ban TikTok on government devices despite nat sec concerns,foxnews.com,0.7995786666870117,neutral,0,-5,-1,"The headline indicates no action was taken to ban TikTok, reducing the likelihood of a ban before May 2025.",-5
2024-09-25 21:15:00,Social media influencers go dark on TikTok after promoting futuristic Saudi megacity,nbcnews.com,-4.384244441986084,negative,-1,-6,0,The headline is unrelated to the likelihood of a TikTok ban in the US.,-5
2024-09-26 10:00:00,South Korea sets a compensation plan for dog meat farmers before the 2027 ban,abcnews.go.com,-3.013808250427246,neutral,0,-6,0,The headline is unrelated to TikTok's status in the US.,-5
2024-09-26 15:30:00,TikTok videos spread misinformation to new migrant community in New York City,theguardian.com,-4.055439472198486,negative,-1,-7,1,"The headline suggests potential regulatory actions against TikTok due to spreading misinformation, increasing likelihood of a ban.",-4
2024-10-03 18:00:00,Popular TikTok creator Mr Prada charged with second - degree murder,nbcnews.com,-3.9518141746521,negative,-1,-8,-1,The headline about a TikTok creator being charged with murder is unrelated to the likelihood of TikTok being banned in the US.,-5
2024-10-03 22:00:00,TikTok creator  Mr . Prada  arrested in murder case of Baton Rouge therapist,cnn.com,-3.6724579334259033,negative,-1,-9,0,The arrest of Mr. Prada in a murder case is unrelated to the likelihood of TikTok being banned in the US.,-5
2024-10-08 15:15:00,"Fourteen AGs sue TikTok , accusing it of harming children mental health",nbcnews.com,-3.1571216583251958,negative,-1,-10,1,"The headline shows legal action against TikTok, increasing the likelihood of regulatory actions that could lead to a ban.",-4
2024-10-08 15:30:00,"More than a dozen states sue TikTok , claiming its platform is addictive and harms the mental health of children",abcnews.go.com,-3.1072564125061035,negative,-1,-11,0,"The headline shows legal actions against TikTok, increasing the likelihood of regulatory scrutiny and potential bans.",-4
2024-10-08 15:45:00,"US states sue TikTok , claiming its addictive features harm youth mental health",theguardian.com,-1.5371196269989014,negative,-1,-12,0,The headline shows an obstacle to a potential ban as it involves legal challenges rather than direct action towards a ban.,-4
2024-10-08 16:45:00,TikTok sued by 14 attorneys general alleging its app is harming children mental health,cbsnews.com,-2.686788558959961,negative,-1,-13,-1,"The lawsuit adds regulatory pressure on TikTok, increasing the likelihood of eventual bans or regulations that could lead to a ban.",-5
2024-10-08 20:30:00,Charge against TikTok personality upgraded in the killing of a Louisiana therapist,abcnews.go.com,-4.16571044921875,negative,-1,-14,1,The headline is unrelated to the likelihood of a TikTok ban in the US.,-4
2024-10-09 08:15:00,TikTok sued by attorneys general alleging its app is harming children mental health,cbsnews.com,-2.632145404815674,negative,-1,-15,-1,"The lawsuit may create additional regulatory hurdles for TikTok, potentially increasing the likelihood of a ban.",-5
2024-10-11 01:45:00,TikTok sued by 14 attorneys general over alleged harm to children mental health,cnn.com,-3.2466840744018555,negative,-1,-16,-1,"The lawsuit adds regulatory pressure, potentially delaying or complicating the ban process.",-6
2024-10-11 03:00:00,TikTok star Taylor Rousseau Grigg cause of death shared,nbcnews.com,-4.23020076751709,neutral,0,-16,0,The headline is unrelated to the likelihood of TikTok being banned in the US.,-6
2024-10-12 00:45:00,"TikTok was aware of risks kids and teens face on its platform , legal document alleges",abcnews.go.com,-2.436073541641236,negative,-1,-17,-1,"The headline suggests potential legal issues, which could delay or complicate the ban process.",-7
2024-10-17 16:15:00,US imposes sanctions on Chinese companies accused of helping make Russian attack drones,abcnews.go.com,-4.362102508544922,negative,-1,-18,-1,"The headline shows an increase in tensions between the US and China, which could potentially lead to more aggressive actions against Chinese companies, including those related to TikTok, thus increasing the likelihood of a ban.",-8
2024-10-29 09:00:00,JPMorgan sues customers over alleged fraud linked to glitch spread on TikTok,theguardian.com,-4.058513641357422,negative,-1,-19,-1,"The headline shows an issue with TikTok that could lead to regulatory scrutiny, potentially increasing the likelihood of a ban.",-9
2024-10-30 08:30:00,TikTok founder is now China richest person . But the country total number of billionaires has shrunk,cnn.com,-3.474063873291016,negative,-1,-20,0,The headline is unrelated to the likelihood of TikTok being banned in the US.,-9
2024-10-30 14:00:00,Founder of TikTok owner ByteDance jumps to top of China rich list as number of billionaires shrinks,nbcnews.com,-2.5534629821777344,positive,1,-19,0,The headline is about the wealth of the founder of TikTok's parent company and does not provide any information relevant to the likelihood of a TikTok ban in the US.,-9
2024-11-04 12:00:00,French parents whose children took own lives sue TikTok over harmful content,theguardian.com,-3.610814094543457,negative,-1,-20,-1,The headline shows an obstacle to a TikTok ban as it involves legal challenges rather than regulatory action.,-10
2024-11-07 01:00:00,Canada orders TikTok Canadian business to be dissolved but wont block app,abcnews.go.com,-2.644019365310669,neutral,0,-20,-1,"The headline indicates an obstacle to a TikTok ban as the Canadian business is not blocked, which reduces the likelihood of a US ban before May 2025.",-11
2024-11-13 22:00:00,"Ireland orders X , TikTok and Instagram to curb terrorist content",theguardian.com,-3.862907886505127,neutral,0,-20,-1,"The headline shows progress toward stricter regulation of social media platforms, which may indicate increasing pressure on TikTok to comply with regulations, potentially leading to a ban.",-12
2024-11-14 13:30:00,Trump may try to reverse TikTok ban . Here how he could . ,abcnews.go.com,-1.8487441539764404,neutral,0,-20,1,"The headline suggests efforts to reverse the ban, which decreases the likelihood of a ban being implemented before May 2025.",-11
2024-11-26 05:15:00,Venezuela Maduro Summons TikTok Official Over Deadly Challenge,bloomberg.com,-4.110069751739502,negative,-1,-21,-1,"The headline indicates diplomatic tension but no direct action towards a ban, suggesting it may delay or complicate the process.",-12
2024-11-27 02:45:00,Florida TikTok influencer arrested for stealing at Target : police,foxnews.com,-3.610159397125244,negative,-1,-22,0,The arrest of a TikTok influencer for theft at Target is unrelated to the likelihood of TikTok being banned in the US.,-12
2024-12-01 13:45:00,Trump Cabinet picks deeply divided on TikTok ban,nbcnews.com,-0.5169494152069092,negative,-1,-23,0,Divided cabinet opinions suggest uncertainty and potential delays in implementing a TikTok ban.,-12
2024-12-03 00:45:00,Chip war ramps up with new US semiconductor restrictions on China,theguardian.com,-4.288237571716309,negative,-1,-24,0,The headline about US restrictions on China's semiconductors is unrelated to TikTok's status in the US.,-12
2024-12-03 13:30:00,"China bans exports to US of gallium , germanium , antimony in response to chip sanctions",abcnews.go.com,-3.608629703521729,negative,-1,-25,0,The headline is unrelated to TikTok's status in the US.,-12
2024-12-03 13:30:00,China bans exports to the US of gallium and other key materials after the US curbs computer chip - related exports,abcnews.go.com,-3.036912441253662,negative,-1,-26,0,"The headline is about trade tensions between China and the US, but does not directly impact the likelihood of TikTok being banned in the US.",-12
2024-12-03 15:15:00,TikTok defends handling of Romania election content in grilling by EU lawmakers,abcnews.go.com,-4.028809547424316,negative,-1,-27,-1,The headline is unrelated to US banning of TikTok and focuses on its defense regarding European elections.,-13
2024-12-04 05:00:00,China bans exports of key microchip elements to US as trade tensions escalate,theguardian.com,-3.4909963607788086,negative,-1,-28,1,The headline about China banning exports of microchip elements to the US does not directly impact the likelihood of TikTok being banned in the US.,-12
2024-12-06 16:00:00,"Appeals court upholds TikTok ban , declining to block law that would force sale",cbsnews.com,-0.3336831927299499,neutral,0,-28,-1,"The headline indicates legal progress toward a ban and a forced sale, increasing the likelihood of TikTok being banned in the US before May 2025.",-13
2024-12-06 17:00:00,US appeals court upholds law forcing sale or ban of TikTok,theguardian.com,0.9819629788398744,neutral,0,-28,-1,"The headline indicates legal support for actions against TikTok, increasing the likelihood of a ban.",-14
2024-12-06 18:30:00,Why were addicted to  silent review on TikTok,cnn.com,-4.328859329223633,neutral,0,-28,0,The headline does not provide any information about legal actions or political decisions regarding a TikTok ban.,-14
2024-12-06 19:30:00,TikTok is one step closer to being banned in the US,cnn.com,2.7286837100982666,neutral,0,-28,0,"The headline indicates progress toward a ban, increasing its likelihood.",-14
2024-12-07 05:00:00,TikTok is inching closer to a potential ban in the US . So what next ? ,abcnews.go.com,1.9788511991500852,neutral,0,-28,1,"The headline indicates progress toward a potential ban, increasing the likelihood of TikTok being banned in the US before May 2025.",-13
2024-12-07 05:00:00,Federal appeals court upholds law requiring sale or ban of TikTok in the US,abcnews.go.com,1.9105217456817627,neutral,0,-28,1,"The headline indicates legal support for the ban/sale of TikTok, increasing the likelihood of a ban before May 2025.",-12
2024-12-07 14:00:00,What next for TikTok now that the app might get banned ? ,cnn.com,-0.5097096562385559,negative,-1,-29,1,"The headline suggests progress toward a potential ban, increasing the likelihood of TikTok being banned in the US before May 2025.",-11
2024-12-09 17:15:00,TikTok asks federal appeals court to bar enforcement of ban until SCOTUS review,abcnews.go.com,0.2612736225128174,neutral,0,-29,1,"TikTok seeking to delay enforcement shows ongoing legal challenges to the ban, reducing likelihood of ban before May 2025.",-10
2024-12-09 17:45:00,TikTok and its owner ask for temporary block to law that could result in the app US ban,cnn.com,3.775956630706787,negative,-1,-30,1,"The headline indicates an attempt to delay the ban, reducing the likelihood of a ban before May 2025.",-9
2024-12-09 18:30:00,TikTok requests emergency motion to stop ban from taking effect,abcnews.go.com,0.003295861184597,negative,-1,-31,1,"TikTok requesting an emergency motion to stop the ban indicates opposition and legal challenges, which decreases the likelihood of a ban being implemented before May 2025.",-8
2024-12-10 13:00:00,TikTok Ban : What Happens Next After Appeal Court Upholds US Law,bloomberg.com,0.6943057775497437,neutral,0,-31,-1,"The headline indicates progress toward a TikTok ban as the appeal court upholds the US law, increasing the likelihood of a ban before May 2025.",-9
2024-12-11 17:30:00,TikTok files challenge against Canadian government order to dissolve its business in the country,abcnews.go.com,-2.561284065246582,negative,-1,-32,0,"The headline shows an obstacle to the ban effort as TikTok challenges the order, reducing the likelihood of a ban before May 2025.",-9
2024-12-12 03:45:00,"Meta , TikTok and Google to be forced to pay for Australian news",theguardian.com,-4.108832359313965,negative,-1,-33,1,The headline is unrelated to the likelihood of TikTok being banned in the US.,-8
2024-12-12 05:00:00,"US to Increase Tariffs on China Wafers , Polysilicon From 2025",bloomberg.com,-2.915048599243164,positive,1,-32,-1,The headline is unrelated to TikTok's status in the US.,-9
2024-12-12 16:45:00,Domestic violence : Mum donates Tiktok profits to women refuge,bbc.com,-4.076939582824707,neutral,0,-32,-1,The headline is unrelated to any legal or political actions regarding a TikTok ban in the US.,-10
2024-12-13 08:15:00,TikTok : Rapid rise of high - flying Belfast content creator,bbc.com,-3.679319381713867,positive,1,-31,-1,The headline is about a content creator in Belfast and does not provide any information relevant to the likelihood of a TikTok ban in the US.,-11
2024-12-13 17:30:00,Chinese associate of Prince Andrew banned from united kingdom as national security risk,cnn.com,-4.422699928283691,negative,-1,-32,1,The headline is unrelated to TikTok's status in the US.,-10
2024-12-13 22:00:00,"Apple and Google must prepare to remove TikTok from app stores by Jan . 19 , lawmakers warn",cnn.com,-1.0859538316726685,negative,-1,-33,-1,"The headline indicates regulatory pressure to remove TikTok, increasing the likelihood of a ban.",-11
2024-12-14 00:45:00,Appeals court denies TikTok bid to delay ban,cbsnews.com,0.082118809223175,negative,-1,-34,-1,The appeals court denying TikTok's bid to delay the ban increases the likelihood of a ban being implemented before May 2025.,-12
2024-12-14 01:45:00,Court denies TikTok request to halt enforcement of potential US ban until Supreme Court review,abcnews.go.com,2.431053638458252,negative,-1,-35,1,The court denying TikTok's request increases the likelihood of a US ban by removing an obstacle to its enforcement.,-11
2024-12-14 02:00:00,"Federal appeals court declines to temporarily block ban on TikTok , teeing up showdown at SCOTUS over controversial law",cnn.com,0.5513163805007935,negative,-1,-36,0,"The headline indicates legal progress toward a potential ban on TikTok, increasing the likelihood of a ban before May 2025.",-11
2024-12-14 16:15:00,TikTok Shop was going to be the next big thing . A potential ban could change that,cnn.com,-0.8786303400993347,neutral,0,-36,0,"A potential ban could hinder TikTok's growth and plans, reducing the likelihood of it becoming a major player.",-11
2024-12-16 13:15:00,Controversy surrounding TikTok influencer Hannah Hiatt shows potential consequences of  sharenting  online,abcnews.go.com,-3.8788793087005615,negative,-1,-37,-1,The headline discusses a controversy related to an influencer but does not provide any direct information about the likelihood of a TikTok ban in the US.,-12
2024-12-16 21:45:00,TikTok asks Supreme Court to block law that could ban popular app,nbcnews.com,1.5522054433822632,negative,-1,-38,-1,"The headline indicates legal opposition to the ban, reducing the likelihood of a ban before May 2025.",-13
2024-12-16 22:45:00,TikTok asks the Supreme Court for an emergency order to block a US ban unless it sold,abcnews.go.com,2.028050661087036,negative,-1,-39,-1,"The headline shows an obstacle to a ban as TikTok is seeking to block it, which decreases the likelihood of a ban before May 2025.",-14
2024-12-16 23:00:00,Trump meeting with TikTok CEO at Mar - a - Lago as company asks Supreme Court to intervene in fight over federal ban,cnn.com,-0.3802273273468017,neutral,0,-39,0,The meeting and Supreme Court intervention suggest legal challenges and delays to a potential ban.,-14
2024-12-16 23:30:00,TikTok CEO meets with Trump ahead of January ban,cbsnews.com,0.4228310286998749,neutral,0,-39,-1,The meeting suggests potential negotiations or discussions which could delay or prevent the ban.,-15
2024-12-16 23:45:00,Trump meeting with TikTok CEO Shou Chew at Mar - a - Lago,abcnews.go.com,-4.425395965576172,neutral,0,-39,1,"The meeting suggests potential discussions around TikTok's operations in the US, which could indicate efforts to avoid a ban rather than progress towards one.",-14
2024-12-16 23:45:00,Trump meets with TikTok CEO at Mar - a - Lago as company asks Supreme Court to intervene in fight over federal ban,cnn.com,-0.8171051740646362,neutral,0,-39,0,"The meeting and court intervention suggest legal and political obstacles to a ban, decreasing its likelihood.",-14
2024-12-17 01:45:00,Trump to meet TikTok CEO as ban deadline looms,bbc.com,-0.751113772392273,neutral,0,-39,1,"The meeting suggests progress towards a potential resolution, reducing the likelihood of a ban.",-13
2024-12-17 14:15:00,EU investigates TikTok over Romanian presidential election safeguards,abcnews.go.com,-3.860097885131836,neutral,0,-39,-1,The headline indicates potential regulatory scrutiny which could delay or complicate the ban process.,-14
2024-12-17 16:00:00,EU opens probe into TikTok over suspected Romania election interference,cnn.com,-4.237829208374023,negative,-1,-40,0,"The headline indicates potential regulatory action against TikTok, increasing the likelihood of bans or restrictions.",-14
2024-12-17 21:00:00,Frank McCourt On Buying TikTok From The Chinese Communist Party Or Building A New Version,foxnews.com,-3.289015293121338,neutral,0,-40,-1,"The headline suggests potential progress towards resolving the TikTok issue by either buying it from the Chinese government or building a new version, which could lead to a ban.",-15
2024-12-18 16:45:00,Supreme Court agrees to hear challenge to TikTok ban,cbsnews.com,0.4234161078929901,neutral,0,-40,-1,The Supreme Court agreeing to hear a challenge increases legal momentum towards a potential ban.,-16
2024-12-18 17:15:00,Supreme Court to hear TikTok last gasp bid to avoid US ban,bbc.com,0.6108534336090088,negative,-1,-41,-1,"The headline indicates legal action against the ban, increasing the likelihood of a ban being implemented.",-17
2024-12-18 17:30:00,Supreme Court to hear arguments over TikTok ban on Jan . 10,abcnews.go.com,0.4950516819953918,neutral,0,-41,1,"The headline indicates legal progress toward a potential TikTok ban, increasing its likelihood.",-16
2024-12-18 17:45:00,Supreme court agrees to hear TikTok challenge to law ending its US operations,theguardian.com,-1.2362632751464844,positive,1,-40,0,"The headline indicates legal progress toward a potential ban, increasing the likelihood of TikTok being banned in the US before May 2025.",-16
2024-12-18 19:00:00,Supreme Court agrees to hear case over TikTok ban,cnn.com,0.5109682679176331,neutral,0,-40,1,"The Supreme Court agreeing to hear a case over TikTok ban indicates progress toward a potential ban, increasing its likelihood.",-15
2024-12-18 21:45:00,U . S . mulls ban on Chinese - made TP - Link routers over security concerns,cbsnews.com,-4.190478324890137,negative,-1,-41,1,"The headline indicates ongoing consideration of a ban on TP-Link routers, which could signal broader scrutiny of Chinese technology products, potentially increasing the likelihood of a TikTok ban.",-14
2024-12-20 11:45:00,The US supreme court TikTok case will put free expression on the line | Trevor Timm,theguardian.com,-2.800408124923706,neutral,0,-41,0,The headline suggests legal challenges to TikTok that could delay a potential ban.,-14
2024-12-21 22:15:00,Albania to close TikTok for a year blaming it for promoting violence among children,abcnews.go.com,-3.8362843990325928,negative,-1,-42,1,"Albania closing TikTok for a year due to violence concerns may signal broader regulatory scrutiny, potentially increasing the likelihood of similar actions in other countries including the US.",-13
2024-12-22 09:45:00,A TikTok Ban Would Force Instagram and YouTube to Play Catchup,bloomberg.com,-0.1027498692274093,negative,-1,-43,1,"The headline implies progress towards a TikTok ban as it suggests alternative platforms would face increased competition, indicating potential regulatory action against TikTok.",-12
2024-12-22 11:15:00,Albania Bans TikTok for at Least One Year : Albanian Daily News,bloomberg.com,-0.6136435270309448,neutral,0,-43,0,"The headline shows progress toward a ban, indicating increased likelihood of similar actions in other countries including the US.",-12
2024-12-22 15:30:00,TikTok creators share how to keep the holidays affordable in 2024,nbcnews.com,-2.229426860809326,neutral,0,-43,-1,The headline is unrelated to any legal or political actions regarding TikTok's ban.,-13
2024-12-22 17:15:00,Albania bans TikTok for a year after killing of teenager,cnn.com,0.0626342296600341,negative,-1,-44,1,The headline indicates an obstacle to a US ban as it shows TikTok being banned in another country due to local concerns.,-12
2024-12-23 11:00:00,Personal Shoppers Cash in on TikTok Live,nbcnews.com,-3.693023681640625,neutral,0,-44,1,The headline about personal shoppers cashing in on TikTok Live is unrelated to the likelihood of a TikTok ban in the US.,-11
2024-12-23 18:00:00,Congress is looking to ban Chinese drones that are widely used in US . What to know about the debate,abcnews.go.com,-3.3870673179626465,neutral,0,-44,1,The headline is about banning Chinese drones and is unrelated to TikTok.,-10
2024-12-26 11:15:00,"Anxious about a looming TikTok ban , some American creators look to other platforms",nbcnews.com,0.7918415069580078,negative,-1,-45,1,"The headline indicates that there is anxiety about a potential TikTok ban, suggesting efforts to find alternatives, which implies the ban is a real possibility and thus increases its likelihood.",-9
2024-12-27 23:30:00,Trump urges Supreme Court to hit pause on looming TikTok ban,nbcnews.com,0.1483050435781479,negative,-1,-46,-1,The headline shows an obstacle to the ban as Trump is urging the Supreme Court to delay it.,-10
2024-12-28 00:45:00,"Trump asks Supreme Court to pause TikTok ban , while Biden says app poses  grave  threat",cnn.com,0.4314159750938415,negative,-1,-47,-1,"The headline indicates legal challenges to the ban, which increases the likelihood of delays and reduces the chance of a ban before May 2025.",-11
2024-12-31 16:15:00,Small businesses brace themselves for potentially disruptive TikTok ban,abcnews.go.com,0.529096245765686,negative,-1,-48,-1,"The headline suggests progress toward a TikTok ban, indicating small businesses are preparing for its implementation, which increases the likelihood of a ban occurring.",-12
2025-01-01 04:45:00,TikTok fined $10 million in Venezuela as court cites deaths from viral challenges,cnn.com,-3.029850959777832,negative,-1,-49,-1,"The fine and mention of deaths from viral challenges indicate potential regulatory issues, which could hinder efforts towards a US ban.",-13
2025-01-04 00:15:00,TikTok and Government Clash in Last Round of Supreme Court Briefs,nytimes.com,-4.155261993408203,negative,-1,-50,-1,"The headline indicates ongoing legal challenges, suggesting obstacles to a ban.",-14
2025-01-04 15:15:00,"TikTok knew its livestreaming feature allowed child exploitation , state lawsuit alleges",theguardian.com,-1.970917820930481,negative,-1,-51,-1,"The lawsuit alleging child exploitation through TikTok's livestreaming feature may increase regulatory scrutiny and pressure for action, thus increasing the likelihood of a ban.",-15
2025-01-04 18:30:00,Justice Department urges Supreme Court to reject Trump push to pause TikTok ban,nbcnews.com,-0.2603967785835266,negative,-1,-52,-1,"The headline indicates opposition to a pause in the TikTok ban, increasing the likelihood of it being banned sooner.",-16
2025-01-05 13:30:00,TikTok creators left in limbo while awaiting decision on potential platform ban,abcnews.go.com,0.3467457592487335,negative,-1,-53,-1,"The headline indicates ongoing uncertainty and no clear decision, suggesting delays and obstacles to a ban.",-17
2025-01-09 10:45:00,TikTok Case Before Supreme Court Pits National Security Against Free Speech,nytimes.com,-1.7165018320083618,neutral,0,-53,1,"The headline indicates legal proceedings that could lead to a ban, increasing the likelihood of a ban before May 2025.",-16
2025-01-09 11:15:00,TikTok Creators and Brands Are Bracing for a Potential Ban,nytimes.com,0.9894546866416932,neutral,0,-53,1,"The headline indicates that there is a potential ban, which increases the likelihood of TikTok being banned in the US before May 2025.",-15
2025-01-09 17:45:00,TikTok ban solution ?  Shark Tank  Kevin OLeary and billionaire Frank McCourt want to buy the app,cnn.com,-0.6674549579620361,neutral,0,-53,-1,"The headline suggests potential obstacles to a ban as it mentions a possible purchase by US companies, reducing the likelihood of a ban.",-16
2025-01-09 18:00:00,TikTok says it plans to shut down site unless Supreme Court strikes down law forcing it to sell,cbsnews.com,-3.1332387924194336,negative,-1,-54,-1,"The headline indicates an obstacle to the ban as TikTok is opposing the law, which weakens the likelihood of a ban before May 2025.",-17
2025-01-10 08:15:00,TikTok ban will be weighed by Supreme Court . Here what to watch Friday,cnn.com,-0.2580288052558899,neutral,0,-54,-1,"The Supreme Court review indicates legal challenges and delays to the ban, reducing its likelihood before May 2025.",-18
2025-01-10 09:15:00,US supreme court to hear arguments in TikTok ban - or - sale case,theguardian.com,-0.1538530141115188,neutral,0,-54,-1,"The headline indicates legal proceedings are moving forward, which increases the likelihood of a ban or sale decision.",-19
2025-01-10 10:30:00,Supreme Court to Hear Challenge to Law That Could Shut Down TikTok,nytimes.com,-2.4407196044921875,negative,-1,-55,-1,"The headline indicates legal action against the law that could shut down TikTok, increasing the likelihood of a ban.",-20
2025-01-10 13:15:00,At least 10 dead in L . A . wildfires and Supreme Court weighs TikTok ban : Morning Rundown,nbcnews.com,-0.6591618061065674,negative,-1,-56,0,The headline mentions wildfires and a Supreme Court case on TikTok but does not provide enough information to determine the likelihood of a TikTok ban before May 2025.,-20
2025-01-10 13:15:00,Supreme Court considers whether to allow TikTok ban to take effect,nbcnews.com,0.2692664861679077,neutral,0,-56,1,"The headline indicates legal progress toward a potential TikTok ban, increasing its likelihood.",-19
2025-01-10 13:15:00,How influencers are preparing for a potential TikTok ban,cnn.com,-0.8763175010681152,neutral,0,-56,1,"The headline suggests preparations for a potential ban, increasing the likelihood of a ban occurring.",-18
2025-01-10 15:15:00,Listen Live : Supreme Court hears TikTok ban arguments as deadline nears,cbsnews.com,-0.6148431301116943,negative,-1,-57,-1,"The headline indicates that the Supreme Court is hearing arguments related to a TikTok ban, suggesting progress toward a potential ban.",-19
2025-01-10 16:30:00,Tik Tok urges Supreme Court to pause impending ban,foxnews.com,-3.8041374683380127,negative,-1,-58,1,"The headline shows an obstacle to the ban as TikTok is seeking to pause it, reducing the likelihood of a ban before May 2025.",-18
2025-01-10 20:00:00,Supreme Court appears skeptical of blocking U . S . ban on TiKTok : What to know,foxnews.com,1.4991761445999146,neutral,0,-58,1,"The headline suggests that the Supreme Court may allow the US ban on TikTok, increasing the likelihood of a ban before May 2025.",-17
2025-01-10 23:00:00,Supreme Court signals it will uphold ban on TikTok over national security concerns and other takeaways from oral arguments,cnn.com,0.7430577278137207,negative,-1,-59,1,"The headline suggests the Supreme Court may uphold a ban on TikTok, increasing the likelihood of a ban before May 2025.",-16
2025-01-11 01:30:00,TikTok left with few options after Supreme Court hearing,nbcnews.com,-3.081124782562256,neutral,0,-59,-1,"The headline suggests legal challenges for TikTok, which increases the likelihood of regulatory actions against it.",-17
2025-01-11 10:00:00,What happens to my TikTok if the ban goes through ? ,cnn.com,-2.5320348739624023,neutral,0,-59,1,"The headline implies progress toward a TikTok ban, increasing its likelihood.",-16
2025-01-13 19:45:00,Here what TikTok users are saying about the looming ban,cnn.com,-0.1735858619213104,neutral,0,-59,1,The headline is about user opinions and does not provide any clear indication of progress toward or obstacles to a TikTok ban.,-15
2025-01-14 03:30:00,Chinese officials reportedly discuss sale of TikTok in US to Elon Musk,theguardian.com,-0.6947367191314697,neutral,0,-59,-1,Discussion of a potential sale to Elon Musk weakens efforts for a ban.,-16
2025-01-14 12:45:00,"What is RedNote , the Chinese app that US  TikTok refugee are flocking to ? ",cnn.com,-3.0631046295166016,neutral,0,-59,1,"The headline suggests alternative apps are gaining traction, which may reduce pressure for a TikTok ban.",-15
2025-01-14 14:15:00,"Why TikTok Users Are Downloading  Red Note , the Chinese App",nytimes.com,-3.644343376159668,neutral,0,-59,-1,"The headline suggests growing interest in an alternative Chinese app, indicating potential resistance to TikTok and supporting the likelihood of a ban.",-16
2025-01-14 22:45:00,Why China may be OK selling TikTok to Elon Musk,cnn.com,-4.185776233673096,neutral,0,-59,0,"The headline suggests potential progress towards a deal with a US entity, which weakens the likelihood of a TikTok ban by the US.",-16
2025-01-15 11:30:00,What happens if TikTok is banned ? ,bbc.com,-0.4181307256221771,neutral,0,-59,0,The headline is about the consequences of a potential ban rather than indicating progress or obstacles towards a ban.,-16
2025-01-15 18:15:00,TikTok Says U . S . Employees Will Have Jobs Even if the App Is Banned,nytimes.com,1.1097826957702637,neutral,0,-59,-1,"The headline suggests that TikTok is preparing for potential bans by ensuring job security for U.S. employees, which implies ongoing efforts to avoid or mitigate a ban, thus decreasing the likelihood of a ban occurring before May 2025.",-17
2025-01-15 21:00:00,Chinese RedNote users embrace Americans ahead of TikTok ban,nbcnews.com,2.097874164581299,neutral,0,-59,1,"The headline suggests growing support for TikTok among Chinese users, which may hinder efforts to ban TikTok in the US.",-16
2025-01-15 23:30:00,TikTok considering total shutdown in U . S . if ban moves forward,nbcnews.com,0.7668466567993164,negative,-1,-60,-1,"The headline suggests that TikTok is preparing for a potential shutdown if a ban moves forward, increasing the likelihood of a ban occurring.",-17
2025-01-16 02:00:00,TikTok ban : Trump is considering a plan to save popular video app,cnn.com,0.1039692759513855,positive,1,-59,1,"The headline suggests Trump is working to save TikTok, which decreases the likelihood of a ban.",-16
2025-01-16 05:00:00,TikTok C . E . O . Plans to Attend Trump Inauguration,nytimes.com,-4.391348838806152,neutral,0,-59,1,The headline is unrelated to any legal or regulatory actions regarding TikTok's ban.,-15
2025-01-16 05:45:00,Biden administration looks for ways to keep TikTok available in the U . S . ,nbcnews.com,-1.9852309226989744,positive,1,-58,-1,"The headline indicates efforts to keep TikTok available, which reduces the likelihood of a ban.",-16
2025-01-16 12:45:00,TikTok is the only truly democratic social platform . A US ban would rob us all | Sophia Smith Galer,theguardian.com,0.90603905916214,neutral,0,-58,1,"The headline argues against a ban by promoting TikTok as a democratic platform, thus decreasing the likelihood of a ban.",-15
2025-01-16 22:45:00,Supreme Court may announce opinions Friday as decision on TikTok ban looms,cbsnews.com,-0.6280044317245483,neutral,0,-58,-1,"The headline suggests a potential imminent decision on a TikTok ban, increasing the likelihood of a ban being implemented.",-16
2025-01-17 00:30:00,RedNote : Chinese users react to US  TikTok refugees  ,bbc.com,-1.573698878288269,neutral,0,-58,-1,"The headline indicates Chinese users reacting to TikTok users leaving due to US actions, suggesting potential challenges or delays in banning TikTok in the US.",-17
2025-01-17 05:15:00,"As US  TikTok refugee move to RedNote , some are encountering Chinese - style censorship for the first time",cnn.com,0.4421262145042419,negative,-1,-59,1,"The headline indicates challenges in implementing new policies, suggesting potential obstacles to a TikTok ban.",-16
2025-01-17 11:30:00,TikToking on heaven door : Bob Dylan joins social media app as US ban looms | Bob Dylan,theguardian.com,-4.367671012878418,neutral,0,-59,-1,"The headline suggests that a ban on TikTok is looming, which increases the likelihood of a ban occurring before May 2025.",-17
2025-01-17 15:30:00,TikTok updates : TikTok faces ban in US by Sunday after Supreme Court rejects appeal,bbc.com,3.3146913051605225,negative,-1,-60,-1,The Supreme Court rejecting an appeal increases the likelihood of a TikTok ban in the US.,-18
2025-01-17 15:30:00,Supreme Court Backs Law Requiring TikTok to Be Sold or Banned,nytimes.com,0.2728748023509979,neutral,0,-60,-1,"The headline indicates legal progress toward a potential ban of TikTok, increasing the likelihood of a ban before May 2025.",-19
2025-01-17 15:30:00,US supreme court issues ruling upholding nationwide ban on TikTok,theguardian.com,2.331089496612549,negative,-1,-61,-1,"The Supreme Court ruling upholds a nationwide ban on TikTok, increasing the likelihood of it being banned before May 2025.",-20
2025-01-17 16:00:00,TikTok is set to be banned Sunday . Here what it means for you,cnn.com,1.1055984497070312,neutral,0,-61,1,"The headline directly states that TikTok is set to be banned, increasing the likelihood of the event happening.",-19
2025-01-17 16:30:00,TikTok ban : What US app users need to know,cnn.com,0.998319149017334,neutral,0,-61,1,"The headline suggests ongoing discussions and potential actions regarding a TikTok ban, increasing its likelihood.",-18
2025-01-17 16:30:00,"Supreme Court says TikTok can be banned in the US , leaving its future in limbo",cnn.com,3.0805985927581787,negative,-1,-62,-1,"The headline indicates legal progress toward a potential ban, increasing the likelihood of TikTok being banned before May 2025.",-19
2025-01-17 19:00:00,TikTok ban will be first test for Trump as dealmaker - in - chief,bbc.com,0.0761147737503051,neutral,0,-62,-1,"The headline suggests that a TikTok ban could be an early opportunity for Trump to demonstrate his negotiation skills, increasing the likelihood of a ban.",-20
2025-01-17 19:15:00,Chinese app RedNote could pose greater security risks than TikTok,nbcnews.com,-1.5670149326324463,neutral,0,-62,1,"The headline suggests potential security concerns similar to TikTok, which could increase pressure for a ban.",-19
2025-01-17 20:15:00,Tiktok Sale May be in China Hands - The New York Times,nytimes.com,-1.1111537218093872,neutral,0,-62,0,"The headline suggests potential obstacles to banning TikTok as it indicates the possibility of TikTok being sold to a Chinese company, which could hinder efforts to ban it in the US.",-19
2025-01-17 21:00:00,Can Trump Save TikTok From a Potential Ban ? ,nytimes.com,-1.9010872840881348,neutral,0,-62,-1,"The headline suggests efforts to prevent a ban, indicating obstacles to a ban being implemented.",-20
2025-01-17 21:45:00,Why is TikTok getting banned ? What behind the law that could shutter the app,cbsnews.com,-0.4009421765804291,negative,-1,-63,-1,"The headline suggests legal actions against TikTok, increasing the likelihood of a ban.",-21
2025-01-17 21:45:00,TikTok users say goodbye to the app ahead of ban date,nbcnews.com,2.393867254257202,neutral,0,-63,1,"The headline suggests that users are preparing for a ban, indicating progress toward the ban.",-20
2025-01-17 23:30:00,TikTok Changed How We Talk About Health,nytimes.com,-3.328782796859741,neutral,0,-63,-1,The headline is unrelated to any legal or political actions regarding a TikTok ban.,-21
2025-01-17 23:45:00,Fox News Politics Newsletter : Time Up for TikTok,foxnews.com,-3.9832818508148193,neutral,0,-63,1,"The headline suggests that the time for allowing TikTok to continue operating in the US is running out, increasing the likelihood of a ban.",-20
2025-01-18 00:45:00,The Supreme Court Cleared the Way for U . S . to Ban TikTok,nytimes.com,2.335716009140014,neutral,0,-63,1,"The headline indicates legal progress toward a TikTok ban, increasing its likelihood.",-19
2025-01-18 02:00:00,Business Rundown : The  Creator Economy  Braces For A TikTok Ban,foxnews.com,-0.0414154008030891,negative,-1,-64,1,"The headline suggests that there is anticipation of a TikTok ban, increasing the likelihood of one occurring before May 2025.",-18
2025-01-18 03:15:00,TikTok refugees are pouring to Xiaohongshu . Here what you need to know about the RedNote app,abcnews.go.com,-4.451076984405518,neutral,0,-64,-1,"The headline indicates a shift in user base from TikTok to Xiaohongshu, suggesting potential weakening of TikTok's position and reducing the likelihood of a ban.",-19
2025-01-18 06:00:00,The rise - and potential fall - of TikTok in the US,abcnews.go.com,-0.6111544370651245,negative,-1,-65,-1,"The headline suggests potential challenges or setbacks for TikTok, which increases the likelihood of a ban.",-20
2025-01-18 10:45:00,What is No One Misses TikTok ? ,nytimes.com,-4.181978702545166,neutral,0,-65,-1,The headline is ambiguous and does not provide any clear indication of progress toward a TikTok ban or related regulatory actions.,-21
2025-01-18 11:00:00,EVITA DUFFY - ALFONSO : Why my generation is ditching TikTok for another communist app,foxnews.com,-3.8653249740600586,neutral,0,-65,0,"The headline suggests growing dissatisfaction with TikTok among a specific demographic, which could indicate potential decline in user base and pressure for regulation.",-21
2025-01-18 14:00:00,Live updates : Trump inauguration moves inside as TikTok ban looms,cnn.com,-2.0933547019958496,neutral,0,-65,-1,"The headline indicates that the TikTok ban is a looming issue during Trump's inauguration, suggesting progress toward a ban.",-22
2025-01-18 19:00:00,"Trump says he will  most likely  delay TikTok ban temporarily , but has not made final decision",cnn.com,-0.9796119928359984,neutral,0,-65,1,"The headline indicates a temporary delay in the ban, which weakens the likelihood of a ban before May 2025.",-21
2025-01-18 19:00:00,Trump says he will likely grant TikTok a 90 - day reprieve from US ban when he takes office,theguardian.com,0.9250696301460266,positive,1,-64,-1,"The headline suggests a delay in the ban, reducing the likelihood of a ban before May 2025.",-22
2025-01-19 01:00:00,Trump says hell  likely  give TikTok a 90 - day extension to avoid ban,abcnews.go.com,-0.2594857811927795,neutral,0,-64,-1,"The headline suggests a delay in the ban, reducing the likelihood of a ban before May 2025.",-23
2025-01-19 01:45:00,TikTok ban likely to spread to US allies,bbc.com,1.716286540031433,neutral,0,-64,1,"The headline suggests international pressure to ban TikTok, increasing the likelihood of a US ban.",-22
2025-01-19 02:30:00,"With a US ban on TikTok hours away , Trump says he  most likely  will grant an extension",abcnews.go.com,1.063098430633545,positive,1,-63,-1,"The headline indicates that a ban is imminent but Trump may grant an extension, which creates uncertainty and delays the likelihood of a ban before May 2025.",-23
2025-01-19 04:45:00,TikTok goes dark for some users ahead of ban,abcnews.go.com,0.435429960489273,neutral,0,-63,0,"The headline indicates progress toward a ban by showing partial implementation, increasing the likelihood of a full ban before May 2025.",-23
2025-01-19 04:45:00,TikTok goes dark in the US ahead of ban,theguardian.com,2.683434009552002,neutral,0,-63,-1,"The headline indicates progress toward a ban by suggesting TikTok will be banned before it is officially banned, increasing the likelihood of a ban occurring before May 2025.",-24
2025-01-19 05:00:00,TikTok goes offline in the US hours before ban comes in,bbc.com,2.963700532913208,negative,-1,-64,-1,The headline indicates progress toward a ban by showing enforcement actions being taken shortly before the ban is implemented.,-25
2025-01-19 05:30:00,Why is TikTok banned ? What behind the law that shuttered the app,cbsnews.com,-0.0733260959386825,neutral,0,-64,0,"The headline suggests there is a law that has shuttered the app, indicating progress toward a ban.",-25
2025-01-19 11:00:00,TikTok makes app unavailable for U . S . users ahead of ban,nbcnews.com,2.2258429527282715,neutral,0,-64,1,"The headline indicates progress toward a ban by making the app unavailable, increasing the likelihood of a ban before May 2025.",-24
2025-01-19 14:45:00,TikTok is now banned in America . It might not last long,cnn.com,2.8862006664276123,neutral,0,-64,1,"The headline directly states a ban, increasing the likelihood of a TikTok ban before May 2025.",-23
2025-01-19 15:45:00,"Johnson says  we will enforce the law  on TikTok ban , 2 GOP senators break with Trump on extension",nbcnews.com,-1.1989911794662476,neutral,0,-64,1,"The headline indicates enforcement of a TikTok ban and a shift in stance by some lawmakers, increasing the likelihood of a ban.",-22
2025-01-19 16:15:00,Trump Says He Will Stall TikTok Ban With Executive Order,nytimes.com,-0.6100067496299744,neutral,0,-64,-1,"The headline indicates an obstacle to the ban, as Trump plans to use an executive order to stall it.",-23
2025-01-19 17:45:00,Trump pledges to delay TikTok ban with executive order,theguardian.com,0.0615191869437694,neutral,0,-64,1,"The headline indicates an obstacle to the ban as it suggests Trump will use an executive order to delay it, reducing the likelihood of a ban before May 2025.",-22
2025-01-19 18:15:00,TikTok says it is restoring service for U . S . users after Trump comments,nbcnews.com,-2.588404655456543,positive,1,-63,1,"The headline indicates a temporary restoration of service due to Trump's comments, suggesting obstacles or delays in the ban efforts.",-21
2025-01-19 20:00:00,What We Know About the TikTok Ban,nytimes.com,-0.240396961569786,neutral,0,-63,0,The headline is about gathering information on the TikTok ban but does not indicate any progress or obstacles towards a ban.,-21
2025-01-19 21:00:00,TikTok restoring services in US after Trump pledge,bbc.com,-2.494955062866211,positive,1,-62,-1,"The headline indicates progress towards resolving issues with TikTok, reducing the likelihood of a ban.",-22
2025-01-19 22:30:00,TikTok Butters Up Trump as It Navigates a Ban in the U . S . ,nytimes.com,0.9403492212295532,positive,1,-61,-1,"The headline suggests efforts by TikTok to appease Trump, which may indicate resistance to a ban and reduce its likelihood.",-23
2025-01-20 01:15:00,"Man accused of starting fire at Wisconsin congressman office motivated by TikTok ban , police say",cbsnews.com,-2.237927198410034,negative,-1,-62,-1,"The headline suggests there is some momentum or support for the TikTok ban, which increases its likelihood.",-24
2025-01-20 05:45:00,From backing a ban to being hailed as a savior : Inside Trump TikTok shift,abcnews.go.com,-2.507645606994629,neutral,0,-62,-1,"The headline suggests a shift from supporting a ban to praising TikTok, indicating potential obstacles or reversals to the ban effort.",-25
2025-01-20 10:45:00,Content creators respond to TikTok uncertain future in the US,abcnews.go.com,-2.2796905040740967,negative,-1,-63,1,The headline indicates content creators reacting to uncertainty but does not provide clear indication of progress towards or obstacles to a TikTok ban.,-24
2025-01-20 13:45:00,TikTok is back online but its ultimate fate in America still lies in Trump hands,cnn.com,-2.9507198333740234,neutral,0,-63,1,"The headline suggests that the decision on banning TikTok still depends on Trump, indicating potential obstacles or delays.",-23
2025-01-21 02:15:00,Trump signs executive order to pause US TikTok ban,theguardian.com,1.257979154586792,negative,-1,-64,0,The executive order to pause the ban weakens the momentum towards a TikTok ban in the US.,-23
2025-01-21 02:30:00,Trump tells Justice Department not to enforce TikTok ban for 75 days,nbcnews.com,-0.1978773921728134,neutral,0,-64,1,"The headline shows an obstacle to the ban effort as Trump is telling the Justice Department not to enforce it, which decreases the likelihood of a ban before May 2025.",-22
2025-01-21 05:15:00,Trump issues an executive order to suspend the US TikTok ban . But can it stick ? ,abcnews.go.com,0.906385898590088,negative,-1,-65,1,"The headline indicates an obstacle to the ban, as an executive order to suspend it suggests progress against it.",-21
2025-01-21 05:15:00,Live Updates : Trump Pardons Jan . 6 Rioters and Signs Order on TikTok,nytimes.com,-3.757565498352051,neutral,0,-65,-1,The headline shows progress toward a potential TikTok ban as Trump signs an order related to it.,-22
2025-01-21 05:30:00,Trump brushes off TikTok national security concerns while calling for a 50 % deal,abcnews.go.com,-3.476308107376098,neutral,0,-65,-1,"The headline suggests Trump is not strongly pushing for a ban, which decreases the likelihood of a ban before May 2025.",-23
2025-01-21 08:30:00,China not happy Trump has tossed TikTok a lifeline,cnn.com,-1.9836422204971316,negative,-1,-66,1,"The headline suggests political pressure on Trump to support TikTok, which increases the likelihood of a ban due to China's disapproval.",-22
2025-01-21 11:30:00,TikTok had an incredibly wild whirlwind of a weekend,cnn.com,-3.532707691192627,neutral,0,-66,1,The headline does not provide any specific information about the likelihood of a TikTok ban in the US.,-21
2025-01-22 00:00:00,Will Trump executive order save TikTok ? Experts weigh in . ,abcnews.go.com,-4.355884552001953,neutral,0,-66,1,"The headline suggests potential legal action which could delay or obstruct the ban, reducing the likelihood of a ban before May 2025.",-20
2025-01-22 00:30:00,MrBeast is officially bidding for TikTok,cnn.com,-4.090312004089356,neutral,0,-66,1,The bid from MrBeast could potentially delay or weaken the push for a ban on TikTok in the US.,-19
2025-01-22 10:00:00,Trump executive order gives TikTok a reprieve . What happens next ? ,abcnews.go.com,-3.274036407470703,neutral,0,-66,-1,"The headline suggests a delay or obstacle in the ban process, reducing the likelihood of a ban before May 2025.",-20
2025-01-22 19:00:00,"TikTok parent company is in active discussions about a deal , board member says",cnn.com,-3.824041843414306,neutral,0,-66,-1,Active discussions about a deal suggest potential obstacles or delays to a ban.,-21
2025-01-22 21:15:00,"TikTok : Trump executive order shows his willingness to skirt federal laws and keep app in limbo , legal experts say",cnn.com,-2.200355052947998,positive,1,-65,-1,"The headline suggests legal challenges and delays, reducing the likelihood of a ban.",-22
2025-01-22 22:00:00,How TikTok became a  poker chip  in a high - stakes game between Trump and China,cnn.com,-3.994739055633545,neutral,0,-65,1,"The headline suggests political maneuvering which could lead to delays or obstacles in banning TikTok, reducing the likelihood of a ban before May 2025.",-21
2025-01-23 00:30:00,"With Trump TikTok extension , new potential U . S . buyers emerge",nbcnews.com,-3.91273832321167,positive,1,-64,0,"The headline suggests progress towards a potential sale of TikTok to U.S. companies, which increases the likelihood of a ban.",-21
2025-01-23 05:45:00,Is TikTok a national security threat – or is the ban a smokescreen for superpower rivalry ? ,theguardian.com,-1.874162435531616,neutral,0,-64,-1,"The headline suggests potential political motivations behind the ban, which could delay or weaken the ban effort.",-22
2025-01-23 06:00:00,UK minister calls TikTok desirable product but admits  genuine concern | TikTok,theguardian.com,-3.156238555908203,negative,-1,-65,-1,"The UK minister acknowledging genuine concern suggests potential regulatory hurdles for TikTok, increasing the likelihood of a ban.",-23
2025-01-23 22:00:00,Trump questions whether concerns over TikTok are  that important . Some current and former aides say they are,abcnews.go.com,-4.428829669952393,neutral,0,-65,-1,"The headline suggests Trump may downplay concerns over TikTok, which could weaken efforts towards a ban.",-24
2025-01-23 23:30:00,"In the TikTok Show  Famehungry , All the World an Audience",nytimes.com,-4.460147857666016,neutral,0,-65,-1,The headline is about a show and does not provide any information related to the likelihood of a TikTok ban.,-25
2025-01-25 17:00:00,Trump says banning TikTok wont make Americans safer from China . He may have a point,cnn.com,1.905901908874512,neutral,0,-65,-1,"The headline suggests potential obstacles to the ban effort as it questions its effectiveness, which decreases the likelihood of a ban.",-26
2025-01-27 14:00:00,People in the US : share your experience of using TikTok,theguardian.com,-2.0849781036376958,neutral,0,-65,-1,The headline is about collecting user experiences and does not indicate any progress or obstacles towards a TikTok ban.,-27
2025-01-27 16:30:00,TikTok loaded phones are selling for thousands online after momentary ban,cbsnews.com,-0.1884515583515167,neutral,0,-65,-1,"The headline suggests that despite a momentary ban, TikTok is still circulating, indicating obstacles to a full ban.",-28
2025-01-28 05:00:00,Trump says Microsoft is one of the companies eyeing TikTok,abcnews.go.com,-4.352276802062988,neutral,0,-65,-1,"The headline suggests potential competition among companies for acquiring TikTok, which could delay or complicate the ban process.",-29
2025-01-28 05:30:00,Trump says Microsoft in talks to buy TikTok,bbc.com,-4.267442226409912,neutral,0,-65,0,Talks to buy TikTok may weaken efforts for a ban.,-29
2025-01-28 05:30:00,"Microsoft is in talks to acquire TikTok , Trump claims",theguardian.com,-4.3557963371276855,neutral,0,-65,-1,The headline suggests potential obstacles to a ban as TikTok may be sold to a US company.,-30
2025-01-29 10:30:00,Osaka bans public smoking ahead of Expo 2025,cnn.com,-4.33290433883667,neutral,0,-65,-1,The headline about Osaka banning public smoking ahead of Expo 2025 is unrelated to TikTok's status in the US.,-31
2025-01-29 20:00:00,"TikTok suppressed content critical of Trump , exclusive report alleges",foxnews.com,-2.720517635345459,neutral,0,-65,-1,"The headline suggests potential regulatory scrutiny against TikTok, increasing the likelihood of ban efforts.",-32
2025-02-03 23:30:00,"Trump orders creation of US sovereign wealth fund , says it could own part of TikTok",abcnews.go.com,-3.036379337310791,neutral,0,-65,-1,"The headline suggests potential ownership of TikTok by a US entity, which weakens the likelihood of a ban.",-33
2025-02-03 23:45:00,Trump says an American sovereign wealth fund could acquire TikTok . Here what we know,cnn.com,-4.279843330383301,neutral,0,-65,0,"The headline suggests potential progress towards a deal that could prevent a ban, reducing the likelihood of a ban before May 2025.",-33
2025-02-05 13:30:00,"My vote to ban TikTok was a mistake , here what Ive learned",foxnews.com,-0.0399059727787971,neutral,0,-65,-1,"The headline suggests a reversal of previous support for banning TikTok, indicating potential obstacles or reconsideration of the ban effort.",-34
2025-02-06 04:15:00,"US Postal Service flip - flops on Hong Kong - China packages , lifting a ban imposed a day earlier",abcnews.go.com,-4.267725944519043,positive,1,-64,-1,The headline is unrelated to TikTok's status in the US.,-35
2025-02-06 22:00:00,House lawmakers push to ban AI app DeepSeek from US government devices,abcnews.go.com,-2.6905722618103027,neutral,0,-64,0,"The headline is about banning DeepSeek, not TikTok, and does not provide relevant information about the likelihood of a TikTok ban.",-35
2025-02-07 10:45:00,TikTok sued by parents of united kingdom teens after alleged challenge deaths,bbc.com,-2.7301554679870605,negative,-1,-65,-1,The headline shows an obstacle to a potential US ban as it relates to international concerns and legal challenges.,-36
2025-02-07 14:30:00,TikTok sued over deaths of children said to have attempted  blackout challenge  | TikTok,theguardian.com,-2.892622947692871,negative,-1,-66,-1,"The headline shows an obstacle to TikTok's operations, potentially weakening efforts towards a ban.",-37
2025-02-07 22:30:00,Chinese tech giant quietly unveils advanced AI model amid battle over TikTok,abcnews.go.com,-3.2942113876342773,positive,1,-65,0,The headline suggests ongoing competition with TikTok but does not directly indicate progress or obstacles towards a ban.,-37
2025-02-14 01:45:00,TikTok Returns to Apple and Google App Stores,nytimes.com,-3.866050720214844,neutral,0,-65,-1,"Returning to app stores may indicate resolution of previous issues, reducing likelihood of a ban.",-38
2025-02-14 02:00:00,Apple and Google restoring TikTok to U . S . app stores,nbcnews.com,-3.274348258972168,neutral,0,-65,-1,"The headline indicates progress towards resolving the TikTok issue, reducing the likelihood of a ban.",-39
2025-02-14 02:30:00,"Apple , Google restore TikTok to their app stores",cbsnews.com,-4.085691928863525,neutral,0,-65,-1,The restoration of TikTok to Apple and Google app stores indicates progress against banning efforts.,-40
2025-02-14 11:45:00,Apple to Restore TikTok to US App Store After Letter From Trump Administration,bloomberg.com,-2.5426671504974365,positive,1,-64,-1,"The headline indicates that TikTok is moving towards resolution with the US government, reducing the likelihood of a ban.",-41
2025-02-17 16:45:00,Alleged TikTok smugglers advertise Canada to US border passage,foxnews.com,-2.5967750549316406,neutral,0,-64,-1,"The headline indicates ongoing issues with TikTok's presence and potential illegal activities, which could suggest continued challenges and delays in banning TikTok.",-42
2025-02-25 19:30:00,  There no better feeling : TikTok star Go - Jo to represent Australia at Eurovision 2025 | Eurovision,theguardian.com,-3.337834358215332,neutral,0,-64,0,The headline is unrelated to the likelihood of TikTok being banned in the US.,-42
2025-02-28 07:30:00,  TikTok craze behind beauty spot parking issues  ,bbc.com,-3.747307062149048,neutral,0,-64,0,The headline is unrelated to the likelihood of a TikTok ban in the US.,-42
2025-03-01 12:45:00,TikTok  craze  behind Peak District bad parking crisis | National parks,theguardian.com,-4.131612777709961,neutral,0,-64,-1,The headline is unrelated to any legal or regulatory actions regarding TikTok's ban in the US.,-43
2025-03-03 01:45:00,"TikTok profiting from sexual livestreams involving children , BBC told",bbc.com,-3.472487449645996,neutral,0,-64,0,"The headline indicates potential legal and regulatory issues for TikTok, increasing the likelihood of regulatory actions against the platform.",-43
2025-03-05 23:30:00,Im using TikTok to recruit women into construction,bbc.com,-3.8069777488708496,neutral,0,-64,-1,The headline is unrelated to the likelihood of a TikTok ban in the US.,-44
2025-03-06 18:45:00,Albania shuts down TikTok for a year amid concerns over violence among children,cnn.com,-2.3960185050964355,negative,-1,-65,0,"Albania shutting down TikTok shows growing concerns and potential regulatory actions against the platform, increasing the likelihood of similar bans in other countries including the US.",-44
2025-03-06 22:45:00,Trump Open to Again Extending TikTok Deadline If Necessary,bloomberg.com,-3.205371856689453,neutral,0,-65,-1,"The headline suggests potential delays in the ban process, reducing the likelihood of a ban before May 2025.",-45
2025-03-11 08:45:00,Indonesia : TikToker jailed for telling Jesus to cut his hair,bbc.com,-4.144754409790039,negative,-1,-66,0,The headline is unrelated to US TikTok regulations.,-45
2025-03-15 06:00:00,Vance hopeful  high - level  TikTok deal will be completed by early April,abcnews.go.com,-4.486502647399902,neutral,0,-66,-1,"The headline indicates progress towards a potential deal, which reduces the likelihood of a ban.",-46
2025-03-19 22:30:00,"TikTok is full of ADHD advice , but nearly half of it is misleading , study finds",abcnews.go.com,-3.898593425750733,neutral,0,-66,0,The headline discusses the accuracy of advice on TikTok but does not provide any information about legal or political actions regarding a potential ban.,-46
2025-03-24 18:15:00,TikTok withdraws controversial  chubby  filter,cnn.com,-2.4998745918273926,neutral,0,-66,0,The headline about TikTok withdrawing a controversial filter is unrelated to the likelihood of a ban in the US.,-46
2025-03-25 09:00:00,Non - compete clauses to be banned for most workers in 2025 federal budget after competition review,theguardian.com,-3.550845146179199,negative,-1,-67,0,The headline is about banning non-compete clauses and is unrelated to TikTok's status in the US.,-46
2025-03-26 23:45:00,Trump floats tariff reduction if China agrees to TikTok deal,nbcnews.com,-2.274984836578369,positive,1,-66,-1,The headline suggests potential diplomatic progress which could reduce tensions and delay the likelihood of a TikTok ban.,-47
2025-03-27 08:45:00,TikTok removes hashtag used by cartel members as border agent warns of threat,foxnews.com,-2.9425253868103027,negative,-1,-67,0,The headline is unrelated to the likelihood of a TikTok ban in the US.,-47
2025-04-01 10:30:00,The deadline for TikTok to be sold in the US is fast approaching . Here what we know,cnn.com,-1.022369146347046,neutral,0,-67,-1,"The headline suggests potential obstacles to a US sale, increasing the likelihood of a ban.",-48
2025-04-01 20:30:00,"Trump to consider final TikTok proposal Wednesday , sources say",cbsnews.com,-4.349098205566406,neutral,0,-67,-1,"The headline suggests ongoing negotiations, which implies a delay in the ban and potential obstacles.",-49
2025-04-02 04:00:00,Trump to Weigh TikTok Sale Plans Days Before Deadline,bloomberg.com,-4.050655841827393,neutral,0,-67,-1,The headline suggests potential delays or obstacles to a TikTok ban as Trump considers sale plans.,-50
2025-04-02 08:00:00,Trump to consider final proposal on TikTok future as US ban deadline looms,theguardian.com,1.2465498447418213,neutral,0,-67,-1,"The headline indicates that Trump is considering a final proposal, suggesting potential movement towards a ban before the deadline.",-51
2025-04-02 19:30:00,Amazon joins list of TikTok suitors as deadline for U . S . buyer nears,nbcnews.com,-4.317916870117188,neutral,0,-67,-1,"The headline suggests progress towards finding a U.S. buyer for TikTok, increasing the likelihood of a ban before May 2025.",-52
2025-04-03 08:45:00,"US bans personnel in China from romantic , sexual relations with Chinese citizens",abcnews.go.com,-2.567281007766724,negative,-1,-68,0,The headline is unrelated to TikTok's status in the US.,-52
2025-04-04 09:30:00,TikTok ban deadline looms amid last - minute takeover bids,theguardian.com,0.6907944083213806,negative,-1,-69,-1,"The headline suggests ongoing efforts to ban TikTok, indicating progress toward the ban.",-53
2025-04-04 18:15:00,Trump to delay enforcement of TikTok ban with another executive order,cbsnews.com,0.3189271688461303,negative,-1,-70,-1,"The headline indicates an obstacle to the ban, delaying its enforcement.",-54
2025-04-04 19:00:00,Trump extends deadline to keep TikTok running in US,bbc.com,-0.7278779745101929,neutral,0,-70,1,"The extension of the deadline suggests ongoing negotiations rather than a ban, decreasing the likelihood of a ban before May 2025.",-53
2025-04-04 19:15:00,"Trump extends TikTok deal deadline by 75 days , touts  tremendous progress  ",nbcnews.com,-3.794417381286621,neutral,0,-70,1,The extension and progress statement suggest obstacles or delays to a potential ban.,-52
2025-04-04 20:15:00,"TikTok New Owner Stands to Inherit 1 , 500 Lawsuits Over Child Safety , Privacy",bloomberg.com,-3.6125974655151367,neutral,0,-70,-1,"The headline indicates potential legal challenges for a new owner, which could delay or hinder the ban process.",-53
2025-04-04 20:15:00,Trump to extend TikTok ban enforcement deadline to continue work on a deal to sell it,cnn.com,0.4383500516414642,negative,-1,-71,-1,"The headline indicates an extension of the ban enforcement and ongoing negotiations, which suggests obstacles to a quick ban.",-54
2025-04-04 20:15:00,China Will Decide TikTok Fate in America,bloomberg.com,-0.4391915500164032,neutral,0,-71,-1,"The headline suggests that China has significant influence over TikTok's future in the US, increasing the likelihood of a ban.",-55
2025-04-04 21:45:00,Trump to extend TikTok ban enforcement deadline after China tariffs derail deal,cnn.com,2.106921911239624,negative,-1,-72,1,"The headline indicates an obstacle to a potential ban, as the deal with China was derailed, reducing the likelihood of a ban before May 2025.",-54
2025-04-05 02:45:00,A deal for TikTok seemingly falls hostage to the US - China trade war,abcnews.go.com,-0.6943421959877014,neutral,0,-72,1,"The headline suggests obstacles due to the trade war, which weakens the momentum for a TikTok ban.",-53
2025-04-11 15:00:00,TikTok travel influencer left housebound by ill health,bbc.com,-3.2237370014190674,negative,-1,-73,0,The headline is unrelated to any legal or political actions regarding TikTok's ban.,-53
2025-04-15 16:30:00,"Starbucks announces uniform change , sparks criticism on TikTok",abcnews.go.com,-3.711440563201904,negative,-1,-74,0,The headline about Starbucks' uniform change and related criticism on TikTok is unrelated to the likelihood of TikTok being banned in the US.,-53
2025-04-16 13:15:00,"Chinese factories are flooding TikTok with luxury goods . Not so fast , experts say",cnn.com,-2.8792099952697754,negative,-1,-75,-1,The headline suggests skepticism about the ban due to expert opinions countering the notion of TikTok being used for illegal activities.,-54
2025-04-16 16:15:00,Nvidia ( NVDA ) Says US Has Imposed New China Restrictions on H20 Chips,bloomberg.com,-4.048882007598877,negative,-1,-76,0,The headline about Nvidia and new China restrictions on H20 chips is unrelated to TikTok's status in the US.,-54
2025-04-17 00:00:00,"How safe it is to fly , Harvard funding freeze , Chinese manufacturers take to TikTok : Catch up on the day stories",cnn.com,-4.417605400085449,neutral,0,-76,0,The headline does not provide any information relevant to the likelihood of a TikTok ban in the US.,-54
2025-04-21 11:30:00,"China to retaliate with sanctions on US officials , NGO leaders over Hong Kong issues",abcnews.go.com,-4.382476329803467,negative,-1,-77,0,The headline is unrelated to TikTok's status in the US.,-54
2025-04-24 11:15:00,"TikTok astrologer arrested for predicting another powerful earthquake in Myanmar , spreading panic",cbsnews.com,-2.375375270843506,negative,-1,-78,0,The arrest of a TikTok astrologer for predicting an earthquake is unrelated to the likelihood of a US ban on TikTok.,-54
