date,title,domain,relevance_score
20240924T210000Z,TikTok purges accounts tied to Russian media RT and Sputnik over  covert influence  efforts ahead of US election,cnn.com,-2.7353596687316895
20240919T174500Z,Woman on TikTok searches for airline passenger family after friendly encounter on flight,foxnews.com,-4.347397804260254
20240920T093000Z,Travelers on TikTok are making grocery stores the hottest vacation  destination  ,foxnews.com,-4.171425819396973
20240925T004500Z,TikTok removes Russian state media accounts for  covert influence operation ahead of US election,abcnews.go.com,-1.665297031402588
20240923T171500Z,"US seeks to ban Chinese software from cars , citing national security concerns",abcnews.go.com,-1.4026695489883423
20240918T151500Z,China announces sanctions on US companies selling arms to self - ruled Taiwan,abcnews.go.com,-3.6437413692474365
20240923T233000Z,"TikTok removes Russian state media outlets RT and Sputnik , citing  covert influence operations  ",nbcnews.com,-2.576002597808838
20240923T190000Z,"Book censorship slows but remains stubbornly high in 2024 , American Library Association says",nbcnews.com,-3.6620264053344727
20240923T191500Z,US to ban Chinese tech in cars,bbc.com,-2.0415713787078857
20240925T200000Z,Walz failed to ban TikTok on government devices despite nat sec concerns,foxnews.com,0.7995786666870117
20240926T100000Z,South Korea sets a compensation plan for dog meat farmers before the 2027 ban,abcnews.go.com,-3.013808250427246
20240925T211500Z,Social media influencers go dark on TikTok after promoting futuristic Saudi megacity,nbcnews.com,-4.384244441986084
20240926T153000Z,TikTok videos spread misinformation to new migrant community in New York City,theguardian.com,-4.055439472198486
20241003T220000Z,TikTok creator  Mr . Prada  arrested in murder case of Baton Rouge therapist,cnn.com,-3.6724579334259033
20241008T153000Z,"More than a dozen states sue TikTok , claiming its platform is addictive and harms the mental health of children",abcnews.go.com,-3.1072564125061035
20241008T203000Z,Charge against TikTok personality upgraded in the killing of a Louisiana therapist,abcnews.go.com,-4.16571044921875
20241008T151500Z,"Fourteen AGs sue TikTok , accusing it of harming children mental health",nbcnews.com,-3.1571216583251953
20241003T180000Z,Popular TikTok creator Mr Prada charged with second - degree murder,nbcnews.com,-3.9518141746520996
20241008T164500Z,TikTok sued by 14 attorneys general alleging its app is harming children mental health,cbsnews.com,-2.686788558959961
20241008T154500Z,"US states sue TikTok , claiming its addictive features harm youth mental health",theguardian.com,-1.5371196269989014
20241011T014500Z,TikTok sued by 14 attorneys general over alleged harm to children mental health,cnn.com,-3.2466840744018555
20241012T004500Z,"TikTok was aware of risks kids and teens face on its platform , legal document alleges",abcnews.go.com,-2.4360735416412354
20241011T030000Z,TikTok star Taylor Rousseau Grigg cause of death shared,nbcnews.com,-4.23020076751709
20241009T081500Z,TikTok sued by attorneys general alleging its app is harming children mental health,cbsnews.com,-2.632145404815674
20241017T161500Z,US imposes sanctions on Chinese companies accused of helping make Russian attack drones,abcnews.go.com,-4.362102508544922
20241029T090000Z,JPMorgan sues customers over alleged fraud linked to glitch spread on TikTok,theguardian.com,-4.058513641357422
20241030T083000Z,TikTok founder is now China richest person . But the country total number of billionaires has shrunk,cnn.com,-3.4740638732910156
20241030T140000Z,Founder of TikTok owner ByteDance jumps to top of China rich list as number of billionaires shrinks,nbcnews.com,-2.5534629821777344
20241104T120000Z,French parents whose children took own lives sue TikTok over harmful content,theguardian.com,-3.610814094543457
20241107T010000Z,Canada orders TikTok Canadian business to be dissolved but wont block app,abcnews.go.com,-2.644019365310669
20241114T133000Z,Trump may try to reverse TikTok ban . Here how he could . ,abcnews.go.com,-1.8487441539764404
20241113T220000Z,"Ireland orders X , TikTok and Instagram to curb terrorist content",theguardian.com,-3.862907886505127
20241126T051500Z,Venezuela Maduro Summons TikTok Official Over Deadly Challenge,bloomberg.com,-4.110069751739502
20241127T024500Z,Florida TikTok influencer arrested for stealing at Target : police,foxnews.com,-3.610159397125244
20241203T151500Z,TikTok defends handling of Romania election content in grilling by EU lawmakers,abcnews.go.com,-4.028809547424316
20241203T133000Z,"China bans exports to US of gallium , germanium , antimony in response to chip sanctions",abcnews.go.com,-3.6086297035217285
20241203T133000Z,China bans exports to the US of gallium and other key materials after the US curbs computer chip - related exports,abcnews.go.com,-3.036912441253662
20241201T134500Z,Trump Cabinet picks deeply divided on TikTok ban,nbcnews.com,-0.5169494152069092
20241203T004500Z,Chip war ramps up with new US semiconductor restrictions on China,theguardian.com,-4.288237571716309
20241206T193000Z,TikTok is one step closer to being banned in the US,cnn.com,2.7286837100982666
20241209T174500Z,TikTok and its owner ask for temporary block to law that could result in the app US ban,cnn.com,3.775956630706787
20241207T140000Z,What next for TikTok now that the app might get banned ? ,cnn.com,-0.5097096562385559
20241206T183000Z,Why were addicted to  silent review on TikTok,cnn.com,-4.328859329223633
20241209T183000Z,TikTok requests emergency motion to stop ban from taking effect,abcnews.go.com,0.0032958611845970154
20241209T171500Z,TikTok asks federal appeals court to bar enforcement of ban until SCOTUS review,abcnews.go.com,0.2612736225128174
20241207T050000Z,TikTok is inching closer to a potential ban in the US . So what next ? ,abcnews.go.com,1.9788511991500854
20241207T050000Z,Federal appeals court upholds law requiring sale or ban of TikTok in the US,abcnews.go.com,1.9105217456817627
20241206T160000Z,"Appeals court upholds TikTok ban , declining to block law that would force sale",cbsnews.com,-0.33368319272994995
20241210T130000Z,TikTok Ban : What Happens Next After Appeal Court Upholds US Law,bloomberg.com,0.6943057775497437
20241206T170000Z,US appeals court upholds law forcing sale or ban of TikTok,theguardian.com,0.9819629788398743
20241204T050000Z,China bans exports of key microchip elements to US as trade tensions escalate,theguardian.com,-3.4909963607788086
20241213T220000Z,"Apple and Google must prepare to remove TikTok from app stores by Jan . 19 , lawmakers warn",cnn.com,-1.0859538316726685
20241216T230000Z,Trump meeting with TikTok CEO at Mar - a - Lago as company asks Supreme Court to intervene in fight over federal ban,cnn.com,-0.38022732734680176
20241214T020000Z,"Federal appeals court declines to temporarily block ban on TikTok , teeing up showdown at SCOTUS over controversial law",cnn.com,0.5513163805007935
20241216T234500Z,Trump meets with TikTok CEO at Mar - a - Lago as company asks Supreme Court to intervene in fight over federal ban,cnn.com,-0.8171051740646362
20241214T161500Z,TikTok Shop was going to be the next big thing . A potential ban could change that,cnn.com,-0.8786303400993347
20241217T160000Z,EU opens probe into TikTok over suspected Romania election interference,cnn.com,-4.237829208374023
20241213T173000Z,Chinese associate of Prince Andrew banned from united kingdom as national security risk,cnn.com,-4.422699928283691
20241217T210000Z,Frank McCourt On Buying TikTok From The Chinese Communist Party Or Building A New Version,foxnews.com,-3.289015293121338
20241214T014500Z,Court denies TikTok request to halt enforcement of potential US ban until Supreme Court review,abcnews.go.com,2.431053638458252
20241216T234500Z,Trump meeting with TikTok CEO Shou Chew at Mar - a - Lago,abcnews.go.com,-4.425395965576172
20241216T224500Z,TikTok asks the Supreme Court for an emergency order to block a US ban unless it sold,abcnews.go.com,2.028050661087036
20241211T173000Z,TikTok files challenge against Canadian government order to dissolve its business in the country,abcnews.go.com,-2.561284065246582
20241217T141500Z,EU investigates TikTok over Romanian presidential election safeguards,abcnews.go.com,-3.860097885131836
20241216T131500Z,Controversy surrounding TikTok influencer Hannah Hiatt shows potential consequences of  sharenting  online,abcnews.go.com,-3.8788793087005615
20241216T214500Z,TikTok asks Supreme Court to block law that could ban popular app,nbcnews.com,1.5522054433822632
20241214T004500Z,Appeals court denies TikTok bid to delay ban,cbsnews.com,0.08211880922317505
20241216T233000Z,TikTok CEO meets with Trump ahead of January ban,cbsnews.com,0.4228310286998749
20241212T050000Z,"US to Increase Tariffs on China Wafers , Polysilicon From 2025",bloomberg.com,-2.915048599243164
20241217T014500Z,Trump to meet TikTok CEO as ban deadline looms,bbc.com,-0.751113772392273
20241212T164500Z,Domestic violence : Mum donates Tiktok profits to women refuge,bbc.com,-4.076939582824707
20241213T081500Z,TikTok : Rapid rise of high - flying Belfast content creator,bbc.com,-3.679319381713867
20241212T034500Z,"Meta , TikTok and Google to be forced to pay for Australian news",theguardian.com,-4.108832359313965
20241218T190000Z,Supreme Court agrees to hear case over TikTok ban,cnn.com,0.5109682679176331
20241222T171500Z,Albania bans TikTok for a year after killing of teenager,cnn.com,0.06263422966003418
20241218T173000Z,Supreme Court to hear arguments over TikTok ban on Jan . 10,abcnews.go.com,0.49505168199539185
20241221T221500Z,Albania to close TikTok for a year blaming it for promoting violence among children,abcnews.go.com,-3.8362843990325928
20241223T180000Z,Congress is looking to ban Chinese drones that are widely used in US . What to know about the debate,abcnews.go.com,-3.3870673179626465
20241223T110000Z,Personal Shoppers Cash in on TikTok Live,nbcnews.com,-3.693023681640625
20241222T153000Z,TikTok creators share how to keep the holidays affordable in 2024,nbcnews.com,-2.229426860809326
20241218T164500Z,Supreme Court agrees to hear challenge to TikTok ban,cbsnews.com,0.4234161078929901
20241218T214500Z,U . S . mulls ban on Chinese - made TP - Link routers over security concerns,cbsnews.com,-4.190478324890137
20241222T094500Z,A TikTok Ban Would Force Instagram and YouTube to Play Catchup,bloomberg.com,-0.10274986922740936
20241222T111500Z,Albania Bans TikTok for at Least One Year : Albanian Daily News,bloomberg.com,-0.6136435270309448
20241218T171500Z,Supreme Court to hear TikTok last gasp bid to avoid US ban,bbc.com,0.6108534336090088
20241218T174500Z,Supreme court agrees to hear TikTok challenge to law ending its US operations,theguardian.com,-1.2362632751464844
20241220T114500Z,The US supreme court TikTok case will put free expression on the line | Trevor Timm,theguardian.com,-2.800408124923706
20241228T004500Z,"Trump asks Supreme Court to pause TikTok ban , while Biden says app poses  grave  threat",cnn.com,0.43141597509384155
20241231T161500Z,Small businesses brace themselves for potentially disruptive TikTok ban,abcnews.go.com,0.529096245765686
20241227T233000Z,Trump urges Supreme Court to hit pause on looming TikTok ban,nbcnews.com,0.1483050435781479
20241226T111500Z,"Anxious about a looming TikTok ban , some American creators look to other platforms",nbcnews.com,0.7918415069580078
20250104T001500Z,TikTok and Government Clash in Last Round of Supreme Court Briefs,nytimes.com,-4.155261993408203
20250101T044500Z,TikTok fined $10 million in Venezuela as court cites deaths from viral challenges,cnn.com,-3.029850959777832
20250105T133000Z,TikTok creators left in limbo while awaiting decision on potential platform ban,abcnews.go.com,0.3467457592487335
20250104T183000Z,Justice Department urges Supreme Court to reject Trump push to pause TikTok ban,nbcnews.com,-0.2603967785835266
20250104T151500Z,"TikTok knew its livestreaming feature allowed child exploitation , state lawsuit alleges",theguardian.com,-1.970917820930481
20250109T111500Z,TikTok Creators and Brands Are Bracing for a Potential Ban,nytimes.com,0.9894546866416931
20250109T104500Z,TikTok Case Before Supreme Court Pits National Security Against Free Speech,nytimes.com,-1.7165018320083618
20250114T141500Z,"Why TikTok Users Are Downloading  Red Note , the Chinese App",nytimes.com,-3.644343376159668
20250110T103000Z,Supreme Court to Hear Challenge to Law That Could Shut Down TikTok,nytimes.com,-2.4407196044921875
20250109T174500Z,TikTok ban solution ?  Shark Tank  Kevin OLeary and billionaire Frank McCourt want to buy the app,cnn.com,-0.6674549579620361
20250111T100000Z,What happens to my TikTok if the ban goes through ? ,cnn.com,-2.5320348739624023
20250114T124500Z,"What is RedNote , the Chinese app that US  TikTok refugee are flocking to ? ",cnn.com,-3.0631046295166016
20250114T224500Z,Why China may be OK selling TikTok to Elon Musk,cnn.com,-4.185776233673096
20250113T194500Z,Here what TikTok users are saying about the looming ban,cnn.com,-0.17358586192131042
20250110T131500Z,How influencers are preparing for a potential TikTok ban,cnn.com,-0.8763175010681152
20250110T230000Z,Supreme Court signals it will uphold ban on TikTok over national security concerns and other takeaways from oral arguments,cnn.com,0.7430577278137207
20250110T081500Z,TikTok ban will be weighed by Supreme Court . Here what to watch Friday,cnn.com,-0.2580288052558899
20250110T200000Z,Supreme Court appears skeptical of blocking U . S . ban on TiKTok : What to know,foxnews.com,1.4991761445999146
20250110T163000Z,Tik Tok urges Supreme Court to pause impending ban,foxnews.com,-3.8041374683380127
20250111T013000Z,TikTok left with few options after Supreme Court hearing,nbcnews.com,-3.081124782562256
20250110T131500Z,Supreme Court considers whether to allow TikTok ban to take effect,nbcnews.com,0.2692664861679077
20250110T131500Z,At least 10 dead in L . A . wildfires and Supreme Court weighs TikTok ban : Morning Rundown,nbcnews.com,-0.6591618061065674
20250110T151500Z,Listen Live : Supreme Court hears TikTok ban arguments as deadline nears,cbsnews.com,-0.6148431301116943
20250109T180000Z,TikTok says it plans to shut down site unless Supreme Court strikes down law forcing it to sell,cbsnews.com,-3.1332387924194336
20250110T091500Z,US supreme court to hear arguments in TikTok ban - or - sale case,theguardian.com,-0.15385301411151886
20250114T033000Z,Chinese officials reportedly discuss sale of TikTok in US to Elon Musk,theguardian.com,-0.6947367191314697
20250119T200000Z,What We Know About the TikTok Ban,nytimes.com,-0.24039696156978607
20250117T210000Z,Can Trump Save TikTok From a Potential Ban ? ,nytimes.com,-1.9010872840881348
20250119T161500Z,Trump Says He Will Stall TikTok Ban With Executive Order,nytimes.com,-0.6100067496299744
20250116T050000Z,TikTok C . E . O . Plans to Attend Trump Inauguration,nytimes.com,-4.391348838806152
20250118T104500Z,What is No One Misses TikTok ? ,nytimes.com,-4.181978702545166
20250117T201500Z,Tiktok Sale May be in China Hands - The New York Times,nytimes.com,-1.1111537218093872
20250115T181500Z,TikTok Says U . S . Employees Will Have Jobs Even if the App Is Banned,nytimes.com,1.1097826957702637
20250119T223000Z,TikTok Butters Up Trump as It Navigates a Ban in the U . S . ,nytimes.com,0.9403492212295532
20250118T004500Z,The Supreme Court Cleared the Way for U . S . to Ban TikTok,nytimes.com,2.3357160091400146
20250117T153000Z,Supreme Court Backs Law Requiring TikTok to Be Sold or Banned,nytimes.com,0.2728748023509979
20250121T051500Z,Live Updates : Trump Pardons Jan . 6 Rioters and Signs Order on TikTok,nytimes.com,-3.757565498352051
20250117T233000Z,TikTok Changed How We Talk About Health,nytimes.com,-3.328782796859741
20250117T163000Z,TikTok ban : What US app users need to know,cnn.com,0.998319149017334
20250117T160000Z,TikTok is set to be banned Sunday . Here what it means for you,cnn.com,1.1055984497070312
20250116T020000Z,TikTok ban : Trump is considering a plan to save popular video app,cnn.com,0.1039692759513855
20250119T144500Z,TikTok is now banned in America . It might not last long,cnn.com,2.8862006664276123
20250120T134500Z,TikTok is back online but its ultimate fate in America still lies in Trump hands,cnn.com,-2.9507198333740234
20250122T003000Z,MrBeast is officially bidding for TikTok,cnn.com,-4.0903120040893555
20250121T113000Z,TikTok had an incredibly wild whirlwind of a weekend,cnn.com,-3.532707691192627
20250121T083000Z,China not happy Trump has tossed TikTok a lifeline,cnn.com,-1.9836422204971313
20250117T163000Z,"Supreme Court says TikTok can be banned in the US , leaving its future in limbo",cnn.com,3.0805985927581787
20250118T140000Z,Live updates : Trump inauguration moves inside as TikTok ban looms,cnn.com,-2.0933547019958496
20250118T190000Z,"Trump says he will  most likely  delay TikTok ban temporarily , but has not made final decision",cnn.com,-0.9796119928359985
20250117T051500Z,"As US  TikTok refugee move to RedNote , some are encountering Chinese - style censorship for the first time",cnn.com,0.44212621450424194
20250118T110000Z,EVITA DUFFY - ALFONSO : Why my generation is ditching TikTok for another communist app,foxnews.com,-3.8653249740600586
20250118T020000Z,Business Rundown : The  Creator Economy  Braces For A TikTok Ban,foxnews.com,-0.04141540080308914
20250117T234500Z,Fox News Politics Newsletter : Time Up for TikTok,foxnews.com,-3.9832818508148193
20250121T051500Z,Trump issues an executive order to suspend the US TikTok ban . But can it stick ? ,abcnews.go.com,0.9063858985900879
20250118T060000Z,The rise - and potential fall - of TikTok in the US,abcnews.go.com,-0.6111544370651245
20250119T023000Z,"With a US ban on TikTok hours away , Trump says he  most likely  will grant an extension",abcnews.go.com,1.063098430633545
20250119T044500Z,TikTok goes dark for some users ahead of ban,abcnews.go.com,0.43542996048927307
20250120T054500Z,From backing a ban to being hailed as a savior : Inside Trump TikTok shift,abcnews.go.com,-2.507645606994629
20250122T000000Z,Will Trump executive order save TikTok ? Experts weigh in . ,abcnews.go.com,-4.355884552001953
20250121T053000Z,Trump brushes off TikTok national security concerns while calling for a 50 % deal,abcnews.go.com,-3.4763081073760986
20250118T031500Z,TikTok refugees are pouring to Xiaohongshu . Here what you need to know about the RedNote app,abcnews.go.com,-4.451076984405518
20250119T010000Z,Trump says hell  likely  give TikTok a 90 - day extension to avoid ban,abcnews.go.com,-0.25948578119277954
20250120T104500Z,Content creators respond to TikTok uncertain future in the US,abcnews.go.com,-2.2796905040740967
20250116T054500Z,Biden administration looks for ways to keep TikTok available in the U . S . ,nbcnews.com,-1.9852309226989746
20250121T023000Z,Trump tells Justice Department not to enforce TikTok ban for 75 days,nbcnews.com,-0.19787739217281342
20250119T154500Z,"Johnson says  we will enforce the law  on TikTok ban , 2 GOP senators break with Trump on extension",nbcnews.com,-1.1989911794662476
20250119T110000Z,TikTok makes app unavailable for U . S . users ahead of ban,nbcnews.com,2.2258429527282715
20250115T210000Z,Chinese RedNote users embrace Americans ahead of TikTok ban,nbcnews.com,2.097874164581299
20250117T191500Z,Chinese app RedNote could pose greater security risks than TikTok,nbcnews.com,-1.5670149326324463
20250119T181500Z,TikTok says it is restoring service for U . S . users after Trump comments,nbcnews.com,-2.588404655456543
20250117T214500Z,TikTok users say goodbye to the app ahead of ban date,nbcnews.com,2.393867254257202
20250115T233000Z,TikTok considering total shutdown in U . S . if ban moves forward,nbcnews.com,0.7668466567993164
20250116T224500Z,Supreme Court may announce opinions Friday as decision on TikTok ban looms,cbsnews.com,-0.6280044317245483
20250117T214500Z,Why is TikTok getting banned ? What behind the law that could shutter the app,cbsnews.com,-0.4009421765804291
20250119T053000Z,Why is TikTok banned ? What behind the law that shuttered the app,cbsnews.com,-0.07332609593868256
20250120T011500Z,"Man accused of starting fire at Wisconsin congressman office motivated by TikTok ban , police say",cbsnews.com,-2.237927198410034
20250119T050000Z,TikTok goes offline in the US hours before ban comes in,bbc.com,2.963700532913208
20250119T014500Z,TikTok ban likely to spread to US allies,bbc.com,1.716286540031433
20250117T003000Z,RedNote : Chinese users react to US  TikTok refugees  ,bbc.com,-1.573698878288269
20250115T113000Z,What happens if TikTok is banned ? ,bbc.com,-0.4181307256221771
20250119T210000Z,TikTok restoring services in US after Trump pledge,bbc.com,-2.494955062866211
20250117T153000Z,TikTok updates : TikTok faces ban in US by Sunday after Supreme Court rejects appeal,bbc.com,3.3146913051605225
20250117T190000Z,TikTok ban will be first test for Trump as dealmaker - in - chief,bbc.com,0.07611477375030518
20250117T153000Z,US supreme court issues ruling upholding nationwide ban on TikTok,theguardian.com,2.331089496612549
20250119T174500Z,Trump pledges to delay TikTok ban with executive order,theguardian.com,0.061519186943769455
20250119T044500Z,TikTok goes dark in the US ahead of ban,theguardian.com,2.683434009552002
20250116T124500Z,TikTok is the only truly democratic social platform . A US ban would rob us all | Sophia Smith Galer,theguardian.com,0.9060390591621399
20250121T021500Z,Trump signs executive order to pause US TikTok ban,theguardian.com,1.257979154586792
20250118T190000Z,Trump says he will likely grant TikTok a 90 - day reprieve from US ban when he takes office,theguardian.com,0.9250696301460266
20250117T113000Z,TikToking on heaven door : Bob Dylan joins social media app as US ban looms | Bob Dylan,theguardian.com,-4.367671012878418
20250123T233000Z,"In the TikTok Show  Famehungry , All the World an Audience",nytimes.com,-4.460147857666016
20250125T170000Z,Trump says banning TikTok wont make Americans safer from China . He may have a point,cnn.com,1.9059019088745117
20250122T190000Z,"TikTok parent company is in active discussions about a deal , board member says",cnn.com,-3.8240418434143066
20250122T211500Z,"TikTok : Trump executive order shows his willingness to skirt federal laws and keep app in limbo , legal experts say",cnn.com,-2.200355052947998
20250122T220000Z,How TikTok became a  poker chip  in a high - stakes game between Trump and China,cnn.com,-3.994739055633545
20250128T050000Z,Trump says Microsoft is one of the companies eyeing TikTok,abcnews.go.com,-4.352276802062988
20250122T100000Z,Trump executive order gives TikTok a reprieve . What happens next ? ,abcnews.go.com,-3.274036407470703
20250123T220000Z,Trump questions whether concerns over TikTok are  that important . Some current and former aides say they are,abcnews.go.com,-4.428829669952393
20250123T003000Z,"With Trump TikTok extension , new potential U . S . buyers emerge",nbcnews.com,-3.91273832321167
20250127T163000Z,TikTok loaded phones are selling for thousands online after momentary ban,cbsnews.com,-0.18845155835151672
20250128T053000Z,Trump says Microsoft in talks to buy TikTok,bbc.com,-4.267442226409912
20250128T053000Z,"Microsoft is in talks to acquire TikTok , Trump claims",theguardian.com,-4.3557963371276855
20250123T054500Z,Is TikTok a national security threat – or is the ban a smokescreen for superpower rivalry ? ,theguardian.com,-1.8741624355316162
20250123T060000Z,UK minister calls TikTok desirable product but admits  genuine concern | TikTok,theguardian.com,-3.156238555908203
20250127T140000Z,People in the US : share your experience of using TikTok,theguardian.com,-2.0849781036376953
20250203T234500Z,Trump says an American sovereign wealth fund could acquire TikTok . Here what we know,cnn.com,-4.279843330383301
20250129T103000Z,Osaka bans public smoking ahead of Expo 2025,cnn.com,-4.33290433883667
20250129T200000Z,"TikTok suppressed content critical of Trump , exclusive report alleges",foxnews.com,-2.720517635345459
20250203T233000Z,"Trump orders creation of US sovereign wealth fund , says it could own part of TikTok",abcnews.go.com,-3.036379337310791
20250205T133000Z,"My vote to ban TikTok was a mistake , here what Ive learned",foxnews.com,-0.03990597277879715
20250206T220000Z,House lawmakers push to ban AI app DeepSeek from US government devices,abcnews.go.com,-2.6905722618103027
20250207T223000Z,Chinese tech giant quietly unveils advanced AI model amid battle over TikTok,abcnews.go.com,-3.2942113876342773
20250206T041500Z,"US Postal Service flip - flops on Hong Kong - China packages , lifting a ban imposed a day earlier",abcnews.go.com,-4.267725944519043
20250207T104500Z,TikTok sued by parents of united kingdom teens after alleged challenge deaths,bbc.com,-2.7301554679870605
20250207T143000Z,TikTok sued over deaths of children said to have attempted  blackout challenge  | TikTok,theguardian.com,-2.892622947692871
20250214T014500Z,TikTok Returns to Apple and Google App Stores,nytimes.com,-3.8660507202148438
20250217T164500Z,Alleged TikTok smugglers advertise Canada to US border passage,foxnews.com,-2.5967750549316406
20250214T020000Z,Apple and Google restoring TikTok to U . S . app stores,nbcnews.com,-3.274348258972168
20250214T023000Z,"Apple , Google restore TikTok to their app stores",cbsnews.com,-4.085691928863525
20250214T114500Z,Apple to Restore TikTok to US App Store After Letter From Trump Administration,bloomberg.com,-2.5426671504974365
20250225T193000Z,  There no better feeling : TikTok star Go - Jo to represent Australia at Eurovision 2025 | Eurovision,theguardian.com,-3.337834358215332
20250303T014500Z,"TikTok profiting from sexual livestreams involving children , BBC told",bbc.com,-3.472487449645996
20250228T073000Z,  TikTok craze behind beauty spot parking issues  ,bbc.com,-3.747307062149048
20250301T124500Z,TikTok  craze  behind Peak District bad parking crisis | National parks,theguardian.com,-4.131612777709961
20250306T184500Z,Albania shuts down TikTok for a year amid concerns over violence among children,cnn.com,-2.3960185050964355
20250306T224500Z,Trump Open to Again Extending TikTok Deadline If Necessary,bloomberg.com,-3.205371856689453
20250305T233000Z,Im using TikTok to recruit women into construction,bbc.com,-3.8069777488708496
20250311T084500Z,Indonesia : TikToker jailed for telling Jesus to cut his hair,bbc.com,-4.144754409790039
20250315T060000Z,Vance hopeful  high - level  TikTok deal will be completed by early April,abcnews.go.com,-4.486502647399902
20250324T181500Z,TikTok withdraws controversial  chubby  filter,cnn.com,-2.4998745918273926
20250319T223000Z,"TikTok is full of ADHD advice , but nearly half of it is misleading , study finds",abcnews.go.com,-3.8985934257507324
20250325T090000Z,Non - compete clauses to be banned for most workers in 2025 federal budget after competition review,theguardian.com,-3.550845146179199
20250401T103000Z,The deadline for TikTok to be sold in the US is fast approaching . Here what we know,cnn.com,-1.022369146347046
20250327T084500Z,TikTok removes hashtag used by cartel members as border agent warns of threat,foxnews.com,-2.9425253868103027
20250326T234500Z,Trump floats tariff reduction if China agrees to TikTok deal,nbcnews.com,-2.274984836578369
20250401T203000Z,"Trump to consider final TikTok proposal Wednesday , sources say",cbsnews.com,-4.349098205566406
20250404T201500Z,Trump to extend TikTok ban enforcement deadline to continue work on a deal to sell it,cnn.com,0.43835005164146423
20250404T214500Z,Trump to extend TikTok ban enforcement deadline after China tariffs derail deal,cnn.com,2.106921911239624
20250405T024500Z,A deal for TikTok seemingly falls hostage to the US - China trade war,abcnews.go.com,-0.6943421959877014
20250403T084500Z,"US bans personnel in China from romantic , sexual relations with Chinese citizens",abcnews.go.com,-2.5672810077667236
20250404T191500Z,"Trump extends TikTok deal deadline by 75 days , touts  tremendous progress  ",nbcnews.com,-3.794417381286621
20250402T193000Z,Amazon joins list of TikTok suitors as deadline for U . S . buyer nears,nbcnews.com,-4.3179168701171875
20250404T181500Z,Trump to delay enforcement of TikTok ban with another executive order,cbsnews.com,0.31892716884613037
20250402T040000Z,Trump to Weigh TikTok Sale Plans Days Before Deadline,bloomberg.com,-4.050655841827393
20250404T201500Z,China Will Decide TikTok Fate in America,bloomberg.com,-0.4391915500164032
20250404T201500Z,"TikTok New Owner Stands to Inherit 1 , 500 Lawsuits Over Child Safety , Privacy",bloomberg.com,-3.6125974655151367
20250404T190000Z,Trump extends deadline to keep TikTok running in US,bbc.com,-0.7278779745101929
20250402T080000Z,Trump to consider final proposal on TikTok future as US ban deadline looms,theguardian.com,1.2465498447418213
20250404T093000Z,TikTok ban deadline looms amid last - minute takeover bids,theguardian.com,0.6907944083213806
20250415T163000Z,"Starbucks announces uniform change , sparks criticism on TikTok",abcnews.go.com,-3.7114405632019043
20250411T150000Z,TikTok travel influencer left housebound by ill health,bbc.com,-3.2237370014190674
20250416T131500Z,"Chinese factories are flooding TikTok with luxury goods . Not so fast , experts say",cnn.com,-2.8792099952697754
20250417T000000Z,"How safe it is to fly , Harvard funding freeze , Chinese manufacturers take to TikTok : Catch up on the day stories",cnn.com,-4.417605400085449
20250421T113000Z,"China to retaliate with sanctions on US officials , NGO leaders over Hong Kong issues",abcnews.go.com,-4.382476329803467
20250416T161500Z,Nvidia ( NVDA ) Says US Has Imposed New China Restrictions on H20 Chips,bloomberg.com,-4.048882007598877
20250424T111500Z,"TikTok astrologer arrested for predicting another powerful earthquake in Myanmar , spreading panic",cbsnews.com,-2.375375270843506
