date,title,domain,relevance_score,sentiment_predicted_FinBERT,numeric_sentiment_FinBERT,sentiment_trend_FinBERT,sentiment_predicted_QWEN,qwen_reason,sentiment_trend_QWEN
2024-09-18 15:15:00,China announces sanctions on US companies selling arms to self - ruled Taiwan,abcnews.go.com,-3.643741369247437,negative,-1,-1,0,The headline about Chinese sanctions on US companies selling arms to Taiwan is not directly related to TikTok's status or potential ban in the US.,0
2024-09-19 17:45:00,Woman on TikTok searches for airline passenger family after friendly encounter on flight,foxnews.com,-4.347397804260254,neutral,0,-1,0,The headline is neutral and does not provide any information relevant to the likelihood of TikTok being banned in the US before May 2025.,0
2024-09-20 09:30:00,Travelers on TikTok are making grocery stores the hottest vacation  destination  ,foxnews.com,-4.171425819396973,neutral,0,-1,-1,"The headline suggests increased usage and engagement with TikTok, which decreases the likelihood of it being banned before May 2025.",-1
2024-09-23 17:15:00,"US seeks to ban Chinese software from cars , citing national security concerns",abcnews.go.com,-1.4026695489883425,negative,-1,-2,0,The headline is about banning Chinese software from cars and does not directly impact the likelihood of TikTok being banned in the US before May 2025.,-1
2024-09-23 19:00:00,"Book censorship slows but remains stubbornly high in 2024 , American Library Association says",nbcnews.com,-3.6620264053344727,negative,-1,-3,0,The headline about book censorship does not directly impact the likelihood of TikTok being banned in the US before May 2025.,-1
2024-09-23 19:15:00,US to ban Chinese tech in cars,bbc.com,-2.0415713787078857,neutral,0,-3,0,The headline about banning Chinese tech in cars is not directly related to TikTok and does not impact the likelihood of TikTok being banned in the US before May 2025.,-1
2024-09-23 23:30:00,"TikTok removes Russian state media outlets RT and Sputnik , citing  covert influence operations  ",nbcnews.com,-2.576002597808838,negative,-1,-4,0,The headline is neutral as it does not directly impact the likelihood of TikTok being banned in the US before May 2025.,-1
2024-09-24 21:00:00,TikTok purges accounts tied to Russian media RT and Sputnik over  covert influence  efforts ahead of US election,cnn.com,-2.735359668731689,negative,-1,-5,0,The headline indicates regulatory action against TikTok but does not directly impact the likelihood of a full ban by May 2025.,-1
2024-09-25 00:45:00,TikTok removes Russian state media accounts for  covert influence operation ahead of US election,abcnews.go.com,-1.665297031402588,neutral,0,-5,0,The headline is neutral as it does not directly impact the likelihood of TikTok being banned in the US before May 2025.,-1
2024-09-25 20:00:00,Walz failed to ban TikTok on government devices despite nat sec concerns,foxnews.com,0.7995786666870117,neutral,0,-5,-1,"The headline suggests that a security concern was not acted upon, which decreases the likelihood of TikTok being banned in the US before May 2025.",-2
2024-09-25 21:15:00,Social media influencers go dark on TikTok after promoting futuristic Saudi megacity,nbcnews.com,-4.384244441986084,negative,-1,-6,0,"The headline suggests a potential shift in user engagement on TikTok, which could indicate growing concerns or issues with the platform, thus negatively impacting its prospects.",-2
2024-09-26 10:00:00,South Korea sets a compensation plan for dog meat farmers before the 2027 ban,abcnews.go.com,-3.013808250427246,neutral,0,-6,-1,The headline about South Korea's compensation plan for dog meat farmers is unrelated to TikTok and its potential ban in the US.,-3
2024-09-26 15:30:00,TikTok videos spread misinformation to new migrant community in New York City,theguardian.com,-4.055439472198486,negative,-1,-7,-1,"The headline suggests potential issues with content accuracy, which could lead to increased scrutiny and regulatory actions against TikTok, thus negatively impacting its chances of being banned before May 2025.",-4
2024-10-03 18:00:00,Popular TikTok creator Mr Prada charged with second - degree murder,nbcnews.com,-3.9518141746521,negative,-1,-8,-1,The headline about a specific individual being charged with murder is not directly related to the broader issue of TikTok's ban in the US.,-5
2024-10-03 22:00:00,TikTok creator  Mr . Prada  arrested in murder case of Baton Rouge therapist,cnn.com,-3.6724579334259033,negative,-1,-9,0,The arrest of a TikTok creator does not directly impact the likelihood of TikTok being banned in the US before May 2025.,-5
2024-10-08 15:15:00,"Fourteen AGs sue TikTok , accusing it of harming children mental health",nbcnews.com,-3.1571216583251958,negative,-1,-10,-1,"The lawsuit accuses TikTok of harming children's mental health, which could lead to increased regulatory scrutiny and potential bans.",-6
2024-10-08 15:30:00,"More than a dozen states sue TikTok , claiming its platform is addictive and harms the mental health of children",abcnews.go.com,-3.1072564125061035,negative,-1,-11,0,"The lawsuit suggests ongoing challenges for TikTok's operations in the US, potentially delaying or complicating any potential ban.",-6
2024-10-08 15:45:00,"US states sue TikTok , claiming its addictive features harm youth mental health",theguardian.com,-1.5371196269989014,negative,-1,-12,0,"The lawsuit suggests ongoing challenges for TikTok's operations in the US, potentially delaying or complicating any potential ban.",-6
2024-10-08 16:45:00,TikTok sued by 14 attorneys general alleging its app is harming children mental health,cbsnews.com,-2.686788558959961,negative,-1,-13,-1,The lawsuit alleging harm to children's mental health could lead to increased regulatory scrutiny and potential bans.,-7
2024-10-08 20:30:00,Charge against TikTok personality upgraded in the killing of a Louisiana therapist,abcnews.go.com,-4.16571044921875,negative,-1,-14,-1,The headline is unrelated to TikTok's potential ban in the US and does not impact the odds.,-8
2024-10-09 08:15:00,TikTok sued by attorneys general alleging its app is harming children mental health,cbsnews.com,-2.632145404815674,negative,-1,-15,-1,"The lawsuit alleging harm to children's mental health could lead to increased regulatory scrutiny and potential bans, thus negatively impacting the odds of TikTok being banned in the US before May 2025.",-9
2024-10-11 01:45:00,TikTok sued by 14 attorneys general over alleged harm to children mental health,cnn.com,-3.2466840744018555,negative,-1,-16,-1,"The lawsuit could lead to increased regulatory scrutiny and potential restrictions on TikTok, which increases the likelihood of a ban before May 2025.",-10
2024-10-11 03:00:00,TikTok star Taylor Rousseau Grigg cause of death shared,nbcnews.com,-4.23020076751709,neutral,0,-16,0,The headline is unrelated to TikTok's ban status and does not impact the odds.,-10
2024-10-12 00:45:00,"TikTok was aware of risks kids and teens face on its platform , legal document alleges",abcnews.go.com,-2.436073541641236,negative,-1,-17,-1,"The headline suggests potential legal issues for TikTok, which could lead to regulatory actions that might impact its operations in the US.",-11
2024-10-17 16:15:00,US imposes sanctions on Chinese companies accused of helping make Russian attack drones,abcnews.go.com,-4.362102508544922,negative,-1,-18,-1,"The headline suggests increased tensions between the US and China, which could lead to further regulatory actions against Chinese companies, potentially including TikTok.",-12
2024-10-29 09:00:00,JPMorgan sues customers over alleged fraud linked to glitch spread on TikTok,theguardian.com,-4.058513641357422,negative,-1,-19,-1,"The lawsuit over alleged fraud linked to a TikTok glitch suggests ongoing issues with the platform, which could negatively impact its usage and thus reduce the likelihood of it being banned by May 2025.",-13
2024-10-30 08:30:00,TikTok founder is now China richest person . But the country total number of billionaires has shrunk,cnn.com,-3.474063873291016,negative,-1,-20,0,The headline does not provide direct information about the likelihood of TikTok being banned in the US before May 2025.,-13
2024-10-30 14:00:00,Founder of TikTok owner ByteDance jumps to top of China rich list as number of billionaires shrinks,nbcnews.com,-2.5534629821777344,positive,1,-19,0,The headline is about the wealth of the ByteDance founder and does not provide any information relevant to the likelihood of TikTok being banned in the US before May 2025.,-13
2024-11-04 12:00:00,French parents whose children took own lives sue TikTok over harmful content,theguardian.com,-3.610814094543457,negative,-1,-20,-1,"This headline suggests potential negative consequences for TikTok, which could lead to regulatory actions or increased scrutiny, thus reducing the likelihood of a ban before May 2025.",-14
2024-11-07 01:00:00,Canada orders TikTok Canadian business to be dissolved but wont block app,abcnews.go.com,-2.644019365310669,neutral,0,-20,0,"The headline indicates that Canada is taking action against TikTok's business operations but not against the app itself, which does not directly impact the likelihood of TikTok being banned in the US before May 2025.",-14
2024-11-13 22:00:00,"Ireland orders X , TikTok and Instagram to curb terrorist content",theguardian.com,-3.862907886505127,neutral,0,-20,-1,"The headline suggests increased regulation of social media platforms but does not directly indicate a ban, which slightly reduces the likelihood of TikTok being banned in the US before May 2025.",-15
2024-11-14 13:30:00,Trump may try to reverse TikTok ban . Here how he could . ,abcnews.go.com,-1.8487441539764404,neutral,0,-20,-1,"The headline suggests a potential reversal of the ban, which decreases the likelihood of TikTok being banned by May 2025.",-16
2024-11-26 05:15:00,Venezuela Maduro Summons TikTok Official Over Deadly Challenge,bloomberg.com,-4.110069751739502,negative,-1,-21,0,The headline is unrelated to TikTok's status in the US and does not impact the odds of a ban.,-16
2024-11-27 02:45:00,Florida TikTok influencer arrested for stealing at Target : police,foxnews.com,-3.610159397125244,negative,-1,-22,0,The arrest of a TikTok influencer for theft is not directly related to the likelihood of TikTok being banned in the US before May 2025.,-16
2024-12-01 13:45:00,Trump Cabinet picks deeply divided on TikTok ban,nbcnews.com,-0.5169494152069092,negative,-1,-23,0,"The division within the Trump Cabinet suggests potential delays and challenges in implementing a TikTok ban, reducing the likelihood of a ban by May 2025.",-16
2024-12-03 00:45:00,Chip war ramps up with new US semiconductor restrictions on China,theguardian.com,-4.288237571716309,negative,-1,-24,0,The headline about US semiconductor restrictions on China is not directly related to TikTok's ban and does not impact the odds of TikTok being banned in the US before May 2025.,-16
2024-12-03 13:30:00,"China bans exports to US of gallium , germanium , antimony in response to chip sanctions",abcnews.go.com,-3.608629703521729,negative,-1,-25,0,The headline about China banning exports to the US does not directly impact the likelihood of TikTok being banned in the US before May 2025.,-16
2024-12-03 13:30:00,China bans exports to the US of gallium and other key materials after the US curbs computer chip - related exports,abcnews.go.com,-3.036912441253662,negative,-1,-26,0,The headline about China banning exports to the US of gallium and other key materials due to US curbs on chip-related exports is not directly related to TikTok's status in the US.,-16
2024-12-03 15:15:00,TikTok defends handling of Romania election content in grilling by EU lawmakers,abcnews.go.com,-4.028809547424316,negative,-1,-27,-1,The headline is neutral as it pertains to TikTok's response to an EU inquiry and does not directly impact the likelihood of a ban in the US.,-17
2024-12-04 05:00:00,China bans exports of key microchip elements to US as trade tensions escalate,theguardian.com,-3.4909963607788086,negative,-1,-28,-1,The headline about China banning exports of microchip elements to the US does not directly impact the likelihood of TikTok being banned in the US before May 2025.,-18
2024-12-06 16:00:00,"Appeals court upholds TikTok ban , declining to block law that would force sale",cbsnews.com,-0.3336831927299499,neutral,0,-28,-1,The appeals court upholding the ban and declining to block the law increases the likelihood of TikTok being banned in the US before May 2025.,-19
2024-12-06 17:00:00,US appeals court upholds law forcing sale or ban of TikTok,theguardian.com,0.9819629788398744,neutral,0,-28,-1,"The headline suggests that there is a legal action against TikTok, which increases the likelihood of a ban or sale, thus reducing the odds of TikTok remaining unbanned until May 2025.",-20
2024-12-06 18:30:00,Why were addicted to  silent review on TikTok,cnn.com,-4.328859329223633,neutral,0,-28,-1,"The headline suggests continued engagement with TikTok, which reduces the likelihood of it being banned before May 2025.",-21
2024-12-06 19:30:00,TikTok is one step closer to being banned in the US,cnn.com,2.7286837100982666,neutral,0,-28,0,"The headline suggests an increased likelihood of TikTok being banned in the US, which aligns with the scenario of it being banned before May 2025.",-21
2024-12-07 05:00:00,TikTok is inching closer to a potential ban in the US . So what next ? ,abcnews.go.com,1.9788511991500852,neutral,0,-28,1,"The headline suggests that a ban on TikTok in the US is becoming more likely, which increases the odds of it being banned before May 2025.",-20
2024-12-07 05:00:00,Federal appeals court upholds law requiring sale or ban of TikTok in the US,abcnews.go.com,1.9105217456817627,neutral,0,-28,-1,"The headline suggests a legal requirement that could lead to the sale or ban of TikTok, increasing the likelihood of it being banned by May 2025.",-21
2024-12-07 14:00:00,What next for TikTok now that the app might get banned ? ,cnn.com,-0.5097096562385559,negative,-1,-29,-1,"The headline suggests uncertainty and potential negative outcomes for TikTok, which increases the likelihood of a ban.",-22
2024-12-09 17:15:00,TikTok asks federal appeals court to bar enforcement of ban until SCOTUS review,abcnews.go.com,0.2612736225128174,neutral,0,-29,1,"TikTok seeking to delay enforcement suggests ongoing legal challenges, which could extend the timeline for a ban.",-21
2024-12-09 17:45:00,TikTok and its owner ask for temporary block to law that could result in the app US ban,cnn.com,3.775956630706787,negative,-1,-30,-1,"The headline suggests that TikTok and its owner are taking legal action to avoid a ban, which increases the likelihood of the app not being banned by May 2025.",-22
2024-12-09 18:30:00,TikTok requests emergency motion to stop ban from taking effect,abcnews.go.com,0.003295861184597,negative,-1,-31,-1,"TikTok requesting an emergency motion suggests they are actively opposing the ban, which reduces the likelihood of it being implemented before May 2025.",-23
2024-12-10 13:00:00,TikTok Ban : What Happens Next After Appeal Court Upholds US Law,bloomberg.com,0.6943057775497437,neutral,0,-31,1,"The headline suggests that a court has upheld an existing law against TikTok, which increases the likelihood of TikTok being banned in the US before May 2025.",-22
2024-12-11 17:30:00,TikTok files challenge against Canadian government order to dissolve its business in the country,abcnews.go.com,-2.561284065246582,negative,-1,-32,0,The headline is neutral as it pertains to actions in Canada and does not directly impact the likelihood of TikTok being banned in the US before May 2025.,-22
2024-12-12 03:45:00,"Meta , TikTok and Google to be forced to pay for Australian news",theguardian.com,-4.108832359313965,negative,-1,-33,1,The headline about Australian news regulations is unrelated to TikTok's status in the US.,-21
2024-12-12 05:00:00,"US to Increase Tariffs on China Wafers , Polysilicon From 2025",bloomberg.com,-2.915048599243164,positive,1,-32,-1,The headline about increased tariffs on Chinese wafers and polysilicon from 2025 is not directly related to TikTok's ban in the US and does not impact the odds of such a ban.,-22
2024-12-12 16:45:00,Domestic violence : Mum donates Tiktok profits to women refuge,bbc.com,-4.076939582824707,neutral,0,-32,0,The headline is unrelated to TikTok's potential ban in the US.,-22
2024-12-13 08:15:00,TikTok : Rapid rise of high - flying Belfast content creator,bbc.com,-3.679319381713867,positive,1,-31,-1,The headline is neutral as it focuses on a local content creator and does not provide any information relevant to the likelihood of TikTok being banned in the US.,-23
2024-12-13 17:30:00,Chinese associate of Prince Andrew banned from united kingdom as national security risk,cnn.com,-4.422699928283691,negative,-1,-32,-1,The headline is unrelated to TikTok and its potential ban in the US.,-24
2024-12-13 22:00:00,"Apple and Google must prepare to remove TikTok from app stores by Jan . 19 , lawmakers warn",cnn.com,-1.0859538316726685,negative,-1,-33,0,This headline increases the likelihood of TikTok being banned due to the deadline set by lawmakers.,-24
2024-12-14 00:45:00,Appeals court denies TikTok bid to delay ban,cbsnews.com,0.082118809223175,negative,-1,-34,-1,Denying TikTok's bid to delay the ban increases the likelihood of the ban being enforced by May 2025.,-25
2024-12-14 01:45:00,Court denies TikTok request to halt enforcement of potential US ban until Supreme Court review,abcnews.go.com,2.431053638458252,negative,-1,-35,-1,"Denying TikTok's request suggests the ban process is moving forward, increasing the likelihood of a ban by May 2025.",-26
2024-12-14 02:00:00,"Federal appeals court declines to temporarily block ban on TikTok , teeing up showdown at SCOTUS over controversial law",cnn.com,0.5513163805007935,negative,-1,-36,0,"The headline suggests that the legal challenges against the ban on TikTok are continuing, which increases uncertainty and prolongs the timeline, making it less likely for a ban to be implemented by May 2025.",-26
2024-12-14 16:15:00,TikTok Shop was going to be the next big thing . A potential ban could change that,cnn.com,-0.8786303400993347,neutral,0,-36,0,"The headline suggests that TikTok's shopping feature was expected to be successful, but a potential ban could disrupt this, reducing the likelihood of TikTok being banned before May 2025.",-26
2024-12-16 13:15:00,Controversy surrounding TikTok influencer Hannah Hiatt shows potential consequences of  sharenting  online,abcnews.go.com,-3.8788793087005615,negative,-1,-37,-1,The headline discusses a controversy related to an influencer but does not directly impact the likelihood of TikTok being banned in the US before May 2025.,-27
2024-12-16 21:45:00,TikTok asks Supreme Court to block law that could ban popular app,nbcnews.com,1.5522054433822632,negative,-1,-38,-1,"TikTok seeking legal action suggests they believe they can avoid being banned, increasing the odds of not being banned by May 2025.",-28
2024-12-16 22:45:00,TikTok asks the Supreme Court for an emergency order to block a US ban unless it sold,abcnews.go.com,2.028050661087036,negative,-1,-39,-1,"TikTok seeking to block a ban suggests ongoing legal challenges and uncertainty, which is不利的 for the likelihood of a ban being implemented before May 2025.",-29
2024-12-16 23:00:00,Trump meeting with TikTok CEO at Mar - a - Lago as company asks Supreme Court to intervene in fight over federal ban,cnn.com,-0.3802273273468017,neutral,0,-39,0,"The meeting and court intervention suggest ongoing legal challenges to a potential ban, which reduces the likelihood of a ban by May 2025.",-29
2024-12-16 23:30:00,TikTok CEO meets with Trump ahead of January ban,cbsnews.com,0.4228310286998749,neutral,0,-39,-1,"The meeting suggests potential regulatory action against TikTok, increasing the likelihood of a ban before May 2025.",-30
2024-12-16 23:45:00,Trump meeting with TikTok CEO Shou Chew at Mar - a - Lago,abcnews.go.com,-4.425395965576172,neutral,0,-39,-1,"A meeting between Trump and TikTok's CEO suggests potential efforts to prevent a ban, reducing the likelihood of a ban before May 2025.",-31
2024-12-16 23:45:00,Trump meets with TikTok CEO at Mar - a - Lago as company asks Supreme Court to intervene in fight over federal ban,cnn.com,-0.8171051740646362,neutral,0,-39,0,"The meeting and the company's request for Supreme Court intervention suggest ongoing legal challenges to a potential ban, which reduces the likelihood of a ban being implemented by May 2025.",-31
2024-12-17 01:45:00,Trump to meet TikTok CEO as ban deadline looms,bbc.com,-0.751113772392273,neutral,0,-39,1,"The meeting between Trump and TikTok CEO suggests potential negotiations or extensions, which could delay the ban.",-30
2024-12-17 14:15:00,EU investigates TikTok over Romanian presidential election safeguards,abcnews.go.com,-3.860097885131836,neutral,0,-39,1,The EU investigation into TikTok does not directly impact the likelihood of TikTok being banned in the US before May 2025.,-29
2024-12-17 16:00:00,EU opens probe into TikTok over suspected Romania election interference,cnn.com,-4.237829208374023,negative,-1,-40,0,"The EU probe suggests potential regulatory scrutiny, which could negatively impact TikTok's operations and increase the likelihood of stricter regulations or bans.",-29
2024-12-17 21:00:00,Frank McCourt On Buying TikTok From The Chinese Communist Party Or Building A New Version,foxnews.com,-3.289015293121338,neutral,0,-40,-1,"The headline suggests potential alternatives to a ban, which could delay or prevent a ban on TikTok in the US.",-30
2024-12-18 16:45:00,Supreme Court agrees to hear challenge to TikTok ban,cbsnews.com,0.4234161078929901,neutral,0,-40,-1,"The Supreme Court agreeing to hear a challenge suggests legal proceedings will continue, which increases uncertainty and delays the potential ban.",-31
2024-12-18 17:15:00,Supreme Court to hear TikTok last gasp bid to avoid US ban,bbc.com,0.6108534336090088,negative,-1,-41,0,"The Supreme Court hearing suggests ongoing legal challenges to a potential ban, which reduces the likelihood of a ban occurring by May 2025.",-31
2024-12-18 17:30:00,Supreme Court to hear arguments over TikTok ban on Jan . 10,abcnews.go.com,0.4950516819953918,neutral,0,-41,-1,The Supreme Court hearing suggests ongoing legal challenges which could delay or prevent a ban by May 2025.,-32
2024-12-18 17:45:00,Supreme court agrees to hear TikTok challenge to law ending its US operations,theguardian.com,-1.2362632751464844,positive,1,-40,0,The Supreme Court hearing suggests legal challenges that could delay or prevent the ban.,-32
2024-12-18 19:00:00,Supreme Court agrees to hear case over TikTok ban,cnn.com,0.5109682679176331,neutral,0,-40,-1,"The Supreme Court agreeing to hear a case related to a TikTok ban suggests legal proceedings are ongoing, which could delay or complicate any potential ban.",-33
2024-12-18 21:45:00,U . S . mulls ban on Chinese - made TP - Link routers over security concerns,cbsnews.com,-4.190478324890137,negative,-1,-41,-1,"The headline suggests potential restrictions on Chinese-made routers, which could indicate broader scrutiny of Chinese technology products in the U.S., potentially increasing the likelihood of a TikTok ban.",-34
2024-12-20 11:45:00,The US supreme court TikTok case will put free expression on the line | Trevor Timm,theguardian.com,-2.800408124923706,neutral,0,-41,0,"The headline suggests potential legal challenges to TikTok that could complicate its future in the US, reducing the likelihood of a ban by May 2025.",-34
2024-12-21 22:15:00,Albania to close TikTok for a year blaming it for promoting violence among children,abcnews.go.com,-3.8362843990325928,negative,-1,-42,-1,"The closure of TikTok in Albania due to concerns about child safety could indicate broader concerns about the platform, potentially increasing the likelihood of similar actions in other countries, which is negative for the odds of TikTok being banned in the US before May 2025.",-35
2024-12-22 09:45:00,A TikTok Ban Would Force Instagram and YouTube to Play Catchup,bloomberg.com,-0.1027498692274093,negative,-1,-43,0,"The headline suggests that a ban on TikTok would level the playing field with other platforms, which implies that TikTok might not be banned due to competitive reasons.",-35
2024-12-22 11:15:00,Albania Bans TikTok for at Least One Year : Albanian Daily News,bloomberg.com,-0.6136435270309448,neutral,0,-43,0,The ban in Albania is unlikely to impact the timeline for a potential ban in the US.,-35
2024-12-22 15:30:00,TikTok creators share how to keep the holidays affordable in 2024,nbcnews.com,-2.229426860809326,neutral,0,-43,-1,The headline is neutral and does not provide any information about the likelihood of TikTok being banned in the US before May 2025.,-36
2024-12-22 17:15:00,Albania bans TikTok for a year after killing of teenager,cnn.com,0.0626342296600341,negative,-1,-44,-1,The ban in Albania is not indicative of broader US policies and does not directly impact the likelihood of TikTok being banned in the US.,-37
2024-12-23 11:00:00,Personal Shoppers Cash in on TikTok Live,nbcnews.com,-3.693023681640625,neutral,0,-44,-1,The headline about personal shoppers cashing in on TikTok live does not directly impact the likelihood of TikTok being banned in the US before May 2025.,-38
2024-12-23 18:00:00,Congress is looking to ban Chinese drones that are widely used in US . What to know about the debate,abcnews.go.com,-3.3870673179626465,neutral,0,-44,-1,"The headline is about Chinese drones and not specifically about TikTok, making it neutral regarding the odds of TikTok being banned in the US before May 2025.",-39
2024-12-26 11:15:00,"Anxious about a looming TikTok ban , some American creators look to other platforms",nbcnews.com,0.7918415069580078,negative,-1,-45,-1,"The headline suggests uncertainty and potential loss of user base for TikTok, which is negative for the odds of TikTok being banned before May 2025.",-40
2024-12-27 23:30:00,Trump urges Supreme Court to hit pause on looming TikTok ban,nbcnews.com,0.1483050435781479,negative,-1,-46,-1,"The headline suggests a delay in the ban, reducing the likelihood of a TikTok ban before May 2025.",-41
2024-12-28 00:45:00,"Trump asks Supreme Court to pause TikTok ban , while Biden says app poses  grave  threat",cnn.com,0.4314159750938415,negative,-1,-47,-1,"The headline suggests ongoing legal challenges and mixed opinions, which increases uncertainty and reduces the likelihood of a clear ban by May 2025.",-42
2024-12-31 16:15:00,Small businesses brace themselves for potentially disruptive TikTok ban,abcnews.go.com,0.529096245765686,negative,-1,-48,-1,"The headline suggests that a TikTok ban could have a significant impact on small businesses, which implies a higher likelihood of such a ban occurring.",-43
2025-01-01 04:45:00,TikTok fined $10 million in Venezuela as court cites deaths from viral challenges,cnn.com,-3.029850959777832,negative,-1,-49,-1,"The fine and court citation suggest regulatory issues and potential risks for TikTok, which could negatively impact its operations and increase the likelihood of bans or restrictions.",-44
2025-01-04 00:15:00,TikTok and Government Clash in Last Round of Supreme Court Briefs,nytimes.com,-4.155261993408203,negative,-1,-50,-1,"The headline suggests ongoing legal challenges, which increases uncertainty and delays the potential ban.",-45
2025-01-04 15:15:00,"TikTok knew its livestreaming feature allowed child exploitation , state lawsuit alleges",theguardian.com,-1.970917820930481,negative,-1,-51,-1,"The headline suggests potential legal issues for TikTok related to child exploitation, which could negatively impact its operations and lead to regulatory actions.",-46
2025-01-04 18:30:00,Justice Department urges Supreme Court to reject Trump push to pause TikTok ban,nbcnews.com,-0.2603967785835266,negative,-1,-52,-1,"The headline suggests that there is opposition to a pause in the TikTok ban, which could prolong legal challenges and delay any potential ban.",-47
2025-01-05 13:30:00,TikTok creators left in limbo while awaiting decision on potential platform ban,abcnews.go.com,0.3467457592487335,negative,-1,-53,-1,"The headline suggests uncertainty and ongoing deliberation, which increases the likelihood of a potential ban but also delays a clear outcome.",-48
2025-01-09 10:45:00,TikTok Case Before Supreme Court Pits National Security Against Free Speech,nytimes.com,-1.7165018320083618,neutral,0,-53,-1,"The headline suggests legal and constitutional debates, which could delay or complicate any potential ban, reducing the likelihood of a ban by May 2025.",-49
2025-01-09 11:15:00,TikTok Creators and Brands Are Bracing for a Potential Ban,nytimes.com,0.9894546866416932,neutral,0,-53,-1,"The headline suggests anticipation of a potential ban, which increases uncertainty and implies a negative outlook for the timeline.",-50
2025-01-09 17:45:00,TikTok ban solution ?  Shark Tank  Kevin OLeary and billionaire Frank McCourt want to buy the app,cnn.com,-0.6674549579620361,neutral,0,-53,-1,"The headline suggests potential alternatives to a ban, increasing the likelihood of TikTok remaining available in the US.",-51
2025-01-09 18:00:00,TikTok says it plans to shut down site unless Supreme Court strikes down law forcing it to sell,cbsnews.com,-3.1332387924194336,negative,-1,-54,-1,"The headline suggests legal challenges rather than compliance, which increases uncertainty and reduces the likelihood of a ban by May 2025.",-52
2025-01-10 08:15:00,TikTok ban will be weighed by Supreme Court . Here what to watch Friday,cnn.com,-0.2580288052558899,neutral,0,-54,-1,The Supreme Court involvement suggests legal challenges which could delay or prevent a ban.,-53
2025-01-10 09:15:00,US supreme court to hear arguments in TikTok ban - or - sale case,theguardian.com,-0.1538530141115188,neutral,0,-54,-1,"This headline suggests that there is ongoing legal action regarding TikTok, which could potentially lead to a decision that affects its operation in the US, possibly leading to a ban or sale by the deadline.",-54
2025-01-10 10:30:00,Supreme Court to Hear Challenge to Law That Could Shut Down TikTok,nytimes.com,-2.4407196044921875,negative,-1,-55,-1,"The headline suggests legal challenges to a law that could affect TikTok, which increases uncertainty and potentially delays any potential ban, reducing the likelihood of a ban by May 2025.",-55
2025-01-10 13:15:00,At least 10 dead in L . A . wildfires and Supreme Court weighs TikTok ban : Morning Rundown,nbcnews.com,-0.6591618061065674,negative,-1,-56,-1,The headline does not provide any direct information about the likelihood of TikTok being banned in the US before May 2025.,-56
2025-01-10 13:15:00,Supreme Court considers whether to allow TikTok ban to take effect,nbcnews.com,0.2692664861679077,neutral,0,-56,-1,"The Supreme Court considering a ban suggests a potential legal challenge that could delay or prevent the ban, increasing the likelihood of TikTok not being banned by May 2025.",-57
2025-01-10 13:15:00,How influencers are preparing for a potential TikTok ban,cnn.com,-0.8763175010681152,neutral,0,-56,1,"The headline suggests active preparation for a potential ban, which increases the likelihood of such an event occurring.",-56
2025-01-10 15:15:00,Listen Live : Supreme Court hears TikTok ban arguments as deadline nears,cbsnews.com,-0.6148431301116943,negative,-1,-57,1,"The headline suggests that the Supreme Court is considering arguments related to a potential TikTok ban, which increases the uncertainty and likelihood of a decision that could affect the ban timeline.",-55
2025-01-10 16:30:00,Tik Tok urges Supreme Court to pause impending ban,foxnews.com,-3.8041374683380127,negative,-1,-58,1,"The headline suggests that there is an ongoing legal challenge to a potential ban, which increases uncertainty and delays the likelihood of a ban before May 2025.",-54
2025-01-10 20:00:00,Supreme Court appears skeptical of blocking U . S . ban on TiKTok : What to know,foxnews.com,1.4991761445999146,neutral,0,-58,-1,"The headline suggests that the Supreme Court may not block a potential ban on TikTok, increasing the likelihood of a ban occurring before May 2025.",-55
2025-01-10 23:00:00,Supreme Court signals it will uphold ban on TikTok over national security concerns and other takeaways from oral arguments,cnn.com,0.7430577278137207,negative,-1,-59,-1,"The headline suggests that the Supreme Court may uphold a ban on TikTok, increasing the likelihood of a ban before May 2025.",-56
2025-01-11 01:30:00,TikTok left with few options after Supreme Court hearing,nbcnews.com,-3.081124782562256,neutral,0,-59,-1,"The headline suggests that TikTok faces significant challenges following a Supreme Court hearing, which increases the likelihood of potential regulatory actions against the platform.",-57
2025-01-11 10:00:00,What happens to my TikTok if the ban goes through ? ,cnn.com,-2.5320348739624023,neutral,0,-59,1,"The headline suggests concern about the potential ban, which increases the likelihood of such an event occurring.",-56
2025-01-13 19:45:00,Here what TikTok users are saying about the looming ban,cnn.com,-0.1735858619213104,neutral,0,-59,1,"The headline suggests that there is a pending ban and highlights user opinions, which could indicate growing concerns or resistance against the ban, thus negatively impacting the odds of TikTok being banned in the US before May 2025.",-55
2025-01-14 03:30:00,Chinese officials reportedly discuss sale of TikTok in US to Elon Musk,theguardian.com,-0.6947367191314697,neutral,0,-59,0,"This headline suggests potential changes in ownership which could influence the future of TikTok in the US, potentially leading to a ban.",-55
2025-01-14 12:45:00,"What is RedNote , the Chinese app that US  TikTok refugee are flocking to ? ",cnn.com,-3.0631046295166016,neutral,0,-59,-1,"The headline suggests alternatives to TikTok, which reduces the likelihood of TikTok being banned in the US before May 2025.",-56
2025-01-14 14:15:00,"Why TikTok Users Are Downloading  Red Note , the Chinese App",nytimes.com,-3.644343376159668,neutral,0,-59,1,"This headline suggests continued usage of an alternative Chinese app, which implies that TikTok may not be banned in the US before May 2025.",-55
2025-01-14 22:45:00,Why China may be OK selling TikTok to Elon Musk,cnn.com,-4.185776233673096,neutral,0,-59,0,The headline suggests potential business negotiations but does not directly impact the likelihood of a ban.,-55
2025-01-15 11:30:00,What happens if TikTok is banned ? ,bbc.com,-0.4181307256221771,neutral,0,-59,0,The headline is neutral as it does not provide any specific information that would influence the likelihood of TikTok being banned in the US before May 2025.,-55
2025-01-15 18:15:00,TikTok Says U . S . Employees Will Have Jobs Even if the App Is Banned,nytimes.com,1.1097826957702637,neutral,0,-59,-1,"The headline suggests that TikTok is confident about retaining jobs in the U.S., which implies a lower likelihood of the app being banned before May 2025.",-56
2025-01-15 21:00:00,Chinese RedNote users embrace Americans ahead of TikTok ban,nbcnews.com,2.097874164581299,neutral,0,-59,-1,"The headline suggests growing support for TikTok among its user base, which decreases the likelihood of it being banned before May 2025.",-57
2025-01-15 23:30:00,TikTok considering total shutdown in U . S . if ban moves forward,nbcnews.com,0.7668466567993164,negative,-1,-60,-1,"The headline suggests that TikTok is preparing for a potential shutdown if a ban is implemented, which increases the likelihood of a ban occurring before May 2025.",-58
2025-01-16 02:00:00,TikTok ban : Trump is considering a plan to save popular video app,cnn.com,0.1039692759513855,positive,1,-59,-1,"The headline suggests that a potential ban on TikTok is still under consideration, which implies uncertainty and does not favor a definitive ban by May 2025.",-59
2025-01-16 05:00:00,TikTok C . E . O . Plans to Attend Trump Inauguration,nytimes.com,-4.391348838806152,neutral,0,-59,-1,The headline about TikTok's CEO attending Trump's inauguration is neutral and does not provide any information relevant to the likelihood of TikTok being banned in the US before May 2025.,-60
2025-01-16 05:45:00,Biden administration looks for ways to keep TikTok available in the U . S . ,nbcnews.com,-1.9852309226989744,positive,1,-58,-1,"The headline suggests efforts to keep TikTok available, which reduces the likelihood of it being banned by May 2025.",-61
2025-01-16 12:45:00,TikTok is the only truly democratic social platform . A US ban would rob us all | Sophia Smith Galer,theguardian.com,0.90603905916214,neutral,0,-58,-1,"The headline suggests that a ban on TikTok would have negative consequences, which decreases the likelihood of such a ban occurring.",-62
2025-01-16 22:45:00,Supreme Court may announce opinions Friday as decision on TikTok ban looms,cbsnews.com,-0.6280044317245483,neutral,0,-58,-1,The headline suggests pending legal action but does not indicate a positive or negative outcome for a TikTok ban.,-63
2025-01-17 00:30:00,RedNote : Chinese users react to US  TikTok refugees  ,bbc.com,-1.573698878288269,neutral,0,-58,-1,"The headline suggests that Chinese users are reacting to the situation of TikTok users in the US, which implies ongoing use of the platform and no immediate ban, thus reducing the likelihood of a ban before May 2025.",-64
2025-01-17 05:15:00,"As US  TikTok refugee move to RedNote , some are encountering Chinese - style censorship for the first time",cnn.com,0.4421262145042419,negative,-1,-59,-1,"The headline suggests that TikTok users may face similar censorship issues on alternative platforms, which could indicate ongoing challenges for TikTok and potentially delay or complicate a ban.",-65
2025-01-17 11:30:00,TikToking on heaven door : Bob Dylan joins social media app as US ban looms | Bob Dylan,theguardian.com,-4.367671012878418,neutral,0,-59,-1,"The headline suggests that TikTok may face a ban in the US, but Bob Dylan joining the platform could potentially delay or prevent such a ban, making it less likely to be banned by May 2025.",-66
2025-01-17 15:30:00,TikTok updates : TikTok faces ban in US by Sunday after Supreme Court rejects appeal,bbc.com,3.3146913051605225,negative,-1,-60,-1,The Supreme Court rejecting an appeal against the ban strengthens the likelihood of TikTok being banned in the US before May 2025.,-67
2025-01-17 15:30:00,Supreme Court Backs Law Requiring TikTok to Be Sold or Banned,nytimes.com,0.2728748023509979,neutral,0,-60,-1,"The Supreme Court backing a law requiring TikTok to be sold or banned increases the likelihood of some form of action against TikTok, thus positively impacting the odds of it being banned in the US before May 2025.",-68
2025-01-17 15:30:00,US supreme court issues ruling upholding nationwide ban on TikTok,theguardian.com,2.331089496612549,negative,-1,-61,-1,The ruling upholding a nationwide ban on TikTok increases the likelihood of TikTok being banned in the US before May 2025.,-69
2025-01-17 16:00:00,TikTok is set to be banned Sunday . Here what it means for you,cnn.com,1.1055984497070312,neutral,0,-61,1,"The headline suggests an imminent ban, increasing the likelihood of TikTok being banned in the US before May 2025.",-68
2025-01-17 16:30:00,TikTok ban : What US app users need to know,cnn.com,0.998319149017334,neutral,0,-61,-1,"The headline suggests ongoing uncertainty and potential action against TikTok, which increases the likelihood of a ban before May 2025.",-69
2025-01-17 16:30:00,"Supreme Court says TikTok can be banned in the US , leaving its future in limbo",cnn.com,3.0805985927581787,negative,-1,-62,-1,"The headline suggests uncertainty and potential future action against TikTok, which increases the likelihood of a ban before May 2025.",-70
2025-01-17 19:00:00,TikTok ban will be first test for Trump as dealmaker - in - chief,bbc.com,0.0761147737503051,neutral,0,-62,-1,"The headline suggests potential negotiations and deals, which implies uncertainty and could delay or prevent a ban.",-71
2025-01-17 19:15:00,Chinese app RedNote could pose greater security risks than TikTok,nbcnews.com,-1.5670149326324463,neutral,0,-62,-1,"The headline suggests that another Chinese app might have greater security risks, which could divert attention and scrutiny away from TikTok, potentially delaying or reducing the pressure for a ban.",-72
2025-01-17 20:15:00,Tiktok Sale May be in China Hands - The New York Times,nytimes.com,-1.1111537218093872,neutral,0,-62,0,"The headline suggests a potential sale to a Chinese entity, which could increase concerns about data security and influence, thus negatively impacting the likelihood of TikTok being banned in the US before May 2025.",-72
2025-01-17 21:00:00,Can Trump Save TikTok From a Potential Ban ? ,nytimes.com,-1.9010872840881348,neutral,0,-62,-1,"The headline suggests a possibility of action to prevent a ban, which increases the likelihood of TikTok not being banned by May 2025.",-73
2025-01-17 21:45:00,Why is TikTok getting banned ? What behind the law that could shutter the app,cbsnews.com,-0.4009421765804291,negative,-1,-63,-1,"The headline suggests potential legal action against TikTok, which increases the likelihood of it being banned in the US before May 2025.",-74
2025-01-17 21:45:00,TikTok users say goodbye to the app ahead of ban date,nbcnews.com,2.393867254257202,neutral,0,-63,-1,"Indicates anticipation of a ban and suggests users are preparing for its removal, increasing the likelihood of a ban occurring by May 2025.",-75
2025-01-17 23:30:00,TikTok Changed How We Talk About Health,nytimes.com,-3.328782796859741,neutral,0,-63,-1,The headline about TikTok changing how we talk about health is neutral and does not directly impact the likelihood of TikTok being banned in the US before May 2025.,-76
2025-01-17 23:45:00,Fox News Politics Newsletter : Time Up for TikTok,foxnews.com,-3.9832818508148193,neutral,0,-63,1,"The headline suggests that there is a deadline for TikTok, which increases the likelihood of action being taken by the US government before May 2025.",-75
2025-01-18 00:45:00,The Supreme Court Cleared the Way for U . S . to Ban TikTok,nytimes.com,2.335716009140014,neutral,0,-63,0,"The headline suggests a potential legal pathway for banning TikTok in the US, increasing the likelihood of such an action.",-75
2025-01-18 02:00:00,Business Rundown : The  Creator Economy  Braces For A TikTok Ban,foxnews.com,-0.0414154008030891,negative,-1,-64,1,"The headline suggests anticipation of a potential TikTok ban, which aligns with the scenario of TikTok being banned in the US before May 2025.",-74
2025-01-18 03:15:00,TikTok refugees are pouring to Xiaohongshu . Here what you need to know about the RedNote app,abcnews.go.com,-4.451076984405518,neutral,0,-64,-1,"The headline suggests that users are moving away from TikTok to another platform, which decreases the likelihood of TikTok being banned in the US before May 2025.",-75
2025-01-18 06:00:00,The rise - and potential fall - of TikTok in the US,abcnews.go.com,-0.6111544370651245,negative,-1,-65,-1,The headline is neutral as it does not indicate any specific outcome regarding the banning of TikTok in the US before May 2025.,-76
2025-01-18 10:45:00,What is No One Misses TikTok ? ,nytimes.com,-4.181978702545166,neutral,0,-65,-1,The headline is neutral and does not provide any information about the likelihood of TikTok being banned in the US before May 2025.,-77
2025-01-18 11:00:00,EVITA DUFFY - ALFONSO : Why my generation is ditching TikTok for another communist app,foxnews.com,-3.8653249740600586,neutral,0,-65,0,"The headline suggests a shift away from TikTok to an alternative app, which implies a decrease in usage of TikTok, thus reducing the likelihood of it being banned before May 2025.",-77
2025-01-18 14:00:00,Live updates : Trump inauguration moves inside as TikTok ban looms,cnn.com,-2.0933547019958496,neutral,0,-65,1,"The headline suggests that a TikTok ban is a looming issue, which increases the likelihood of such a ban happening before May 2025.",-76
2025-01-18 19:00:00,"Trump says he will  most likely  delay TikTok ban temporarily , but has not made final decision",cnn.com,-0.9796119928359984,neutral,0,-65,-1,"The headline suggests a potential delay in the ban, which reduces the likelihood of TikTok being banned by May 2025.",-77
2025-01-18 19:00:00,Trump says he will likely grant TikTok a 90 - day reprieve from US ban when he takes office,theguardian.com,0.9250696301460266,positive,1,-64,-1,"The possibility of a reprieve suggests delayed enforcement, reducing the likelihood of a ban before May 2025.",-78
2025-01-19 01:00:00,Trump says hell  likely  give TikTok a 90 - day extension to avoid ban,abcnews.go.com,-0.2594857811927795,neutral,0,-64,-1,"The possibility of an extension suggests delayed action against TikTok, reducing the likelihood of a ban by May 2025.",-79
2025-01-19 01:45:00,TikTok ban likely to spread to US allies,bbc.com,1.716286540031433,neutral,0,-64,-1,"The headline suggests an expansion of the ban to US allies, which increases the likelihood of TikTok being banned in the US before May 2025.",-80
2025-01-19 02:30:00,"With a US ban on TikTok hours away , Trump says he  most likely  will grant an extension",abcnews.go.com,1.063098430633545,positive,1,-63,0,"The headline suggests a potential delay in the ban, reducing the likelihood of TikTok being banned by May 2025.",-80
2025-01-19 04:45:00,TikTok goes dark for some users ahead of ban,abcnews.go.com,0.435429960489273,neutral,0,-63,0,暗示TikTok即将被禁用，增加了这种可能性，从而降低了在2025年5月之前被禁的概率,-80
2025-01-19 04:45:00,TikTok goes dark in the US ahead of ban,theguardian.com,2.683434009552002,neutral,0,-63,-1,"The headline suggests an imminent ban, increasing the likelihood of TikTok being banned in the US before May 2025.",-81
2025-01-19 05:00:00,TikTok goes offline in the US hours before ban comes in,bbc.com,2.963700532913208,negative,-1,-64,-1,"The headline suggests that TikTok will be banned in the US shortly, which increases the likelihood of the event occurring before May 2025.",-82
2025-01-19 05:30:00,Why is TikTok banned ? What behind the law that shuttered the app,cbsnews.com,-0.0733260959386825,neutral,0,-64,-1,"The headline suggests there is a law that will shutter the app, which implies an impending ban and thus increases the likelihood of TikTok being banned in the US before May 2025.",-83
2025-01-19 11:00:00,TikTok makes app unavailable for U . S . users ahead of ban,nbcnews.com,2.2258429527282715,neutral,0,-64,1,"The headline suggests that TikTok is taking preemptive action to avoid being banned, which reduces the likelihood of a ban occurring before May 2025.",-82
2025-01-19 14:45:00,TikTok is now banned in America . It might not last long,cnn.com,2.8862006664276123,neutral,0,-64,1,"The headline suggests an immediate ban, which contradicts the 'before May 2025' timeline and implies a more drastic action than expected, reducing the likelihood of such a ban occurring by that date.",-81
2025-01-19 15:45:00,"Johnson says  we will enforce the law  on TikTok ban , 2 GOP senators break with Trump on extension",nbcnews.com,-1.1989911794662476,neutral,0,-64,1,"The headline suggests continued enforcement of the law and potential opposition to extending the ban, which increases uncertainty and could delay or prevent the ban.",-80
2025-01-19 16:15:00,Trump Says He Will Stall TikTok Ban With Executive Order,nytimes.com,-0.6100067496299744,neutral,0,-64,-1,"The headline suggests that a potential ban may be delayed or prevented, reducing the likelihood of TikTok being banned by May 2025.",-81
2025-01-19 17:45:00,Trump pledges to delay TikTok ban with executive order,theguardian.com,0.0615191869437694,neutral,0,-64,-1,"Trump's pledge to delay the ban suggests a temporary reprieve, which reduces the likelihood of a ban by May 2025.",-82
2025-01-19 18:15:00,TikTok says it is restoring service for U . S . users after Trump comments,nbcnews.com,-2.588404655456543,positive,1,-63,-1,"This headline suggests that TikTok will continue to operate in the US, reducing the likelihood of it being banned by May 2025.",-83
2025-01-19 20:00:00,What We Know About the TikTok Ban,nytimes.com,-0.240396961569786,neutral,0,-63,0,"The headline suggests ongoing uncertainty and investigation into a potential ban, which increases doubt about a definitive ban by May 2025.",-83
2025-01-19 21:00:00,TikTok restoring services in US after Trump pledge,bbc.com,-2.494955062866211,positive,1,-62,-1,"This headline suggests that TikTok will continue to operate in the US, reducing the likelihood of it being banned by May 2025.",-84
2025-01-19 22:30:00,TikTok Butters Up Trump as It Navigates a Ban in the U . S . ,nytimes.com,0.9403492212295532,positive,1,-61,-1,"The headline suggests that TikTok is trying to improve its relationship with the Trump administration, which may indicate a delay or avoidance of a ban rather than an imminent one.",-85
2025-01-20 01:15:00,"Man accused of starting fire at Wisconsin congressman office motivated by TikTok ban , police say",cbsnews.com,-2.237927198410034,negative,-1,-62,-1,"The headline suggests a motive related to a TikTok ban, which could increase tensions and make a ban more likely.",-86
2025-01-20 05:45:00,From backing a ban to being hailed as a savior : Inside Trump TikTok shift,abcnews.go.com,-2.507645606994629,neutral,0,-62,-1,"The headline suggests a change in stance from supporting a ban to praising TikTok, which decreases the likelihood of a ban being implemented before May 2025.",-87
2025-01-20 10:45:00,Content creators respond to TikTok uncertain future in the US,abcnews.go.com,-2.2796905040740967,negative,-1,-63,-1,"The headline indicates a response from content creators to the uncertain future of TikTok in the US, which does not directly influence the likelihood of a ban by a specific date.",-88
2025-01-20 13:45:00,TikTok is back online but its ultimate fate in America still lies in Trump hands,cnn.com,-2.9507198333740234,neutral,0,-63,-1,"The headline suggests that the future of TikTok in the US is uncertain and dependent on political decisions, which decreases the likelihood of a clear ban before May 2025.",-89
2025-01-21 02:15:00,Trump signs executive order to pause US TikTok ban,theguardian.com,1.257979154586792,negative,-1,-64,0,"The signing of an executive order to pause the US TikTok ban suggests a delay or potential reversal of the ban, which decreases the likelihood of TikTok being banned by May 2025.",-89
2025-01-21 02:30:00,Trump tells Justice Department not to enforce TikTok ban for 75 days,nbcnews.com,-0.1978773921728134,neutral,0,-64,-1,"This headline suggests an extension to the enforcement of the ban, reducing the likelihood of a ban by May 2025.",-90
2025-01-21 05:15:00,Trump issues an executive order to suspend the US TikTok ban . But can it stick ? ,abcnews.go.com,0.906385898590088,negative,-1,-65,1,"The headline suggests a reversal of the ban, which decreases the likelihood of TikTok being banned by May 2025.",-89
2025-01-21 05:15:00,Live Updates : Trump Pardons Jan . 6 Rioters and Signs Order on TikTok,nytimes.com,-3.757565498352051,neutral,0,-65,-1,"The headline suggests ongoing political activity related to TikTok, which could indicate continued challenges or delays in its ban, reducing the likelihood of a ban by May 2025.",-90
2025-01-21 05:30:00,Trump brushes off TikTok national security concerns while calling for a 50 % deal,abcnews.go.com,-3.476308107376098,neutral,0,-65,-1,"The headline suggests that Trump is not taking TikTok's national security concerns seriously and is instead focusing on a business deal, which could prolong the issue and make a ban less likely before May 2025.",-91
2025-01-21 08:30:00,China not happy Trump has tossed TikTok a lifeline,cnn.com,-1.9836422204971316,negative,-1,-66,-1,"The headline suggests tension between China and the US regarding TikTok, which increases the likelihood of ongoing challenges and potential bans.",-92
2025-01-21 11:30:00,TikTok had an incredibly wild whirlwind of a weekend,cnn.com,-3.532707691192627,neutral,0,-66,-1,The headline is neutral and does not provide any specific information about TikTok's future in the US market or any potential ban.,-93
2025-01-22 00:00:00,Will Trump executive order save TikTok ? Experts weigh in . ,abcnews.go.com,-4.355884552001953,neutral,0,-66,-1,"The headline suggests potential action against TikTok, which increases uncertainty and could negatively impact its prospects in the US.",-94
2025-01-22 00:30:00,MrBeast is officially bidding for TikTok,cnn.com,-4.090312004089356,neutral,0,-66,-1,"The acquisition by MrBeast could lead to increased scrutiny and potential regulatory actions against TikTok, which is negative for the odds of TikTok being banned in the US before May 2025.",-95
2025-01-22 10:00:00,Trump executive order gives TikTok a reprieve . What happens next ? ,abcnews.go.com,-3.274036407470703,neutral,0,-66,-1,"The headline suggests a delay or extension to the ban, which reduces the likelihood of TikTok being banned by May 2025.",-96
2025-01-22 19:00:00,"TikTok parent company is in active discussions about a deal , board member says",cnn.com,-3.824041843414306,neutral,0,-66,-1,"This headline suggests potential cooperation or resolution between TikTok and the US, which reduces the likelihood of a ban.",-97
2025-01-22 21:15:00,"TikTok : Trump executive order shows his willingness to skirt federal laws and keep app in limbo , legal experts say",cnn.com,-2.200355052947998,positive,1,-65,-1,"The headline suggests that Trump's actions may prolong the uncertainty around TikTok's status, which is不利的 for the likelihood of a ban before May 2025.",-98
2025-01-22 22:00:00,How TikTok became a  poker chip  in a high - stakes game between Trump and China,cnn.com,-3.994739055633545,neutral,0,-65,-1,"The headline suggests increased political tension between Trump and China, which could lead to more aggressive actions against TikTok, increasing the likelihood of a ban before May 2025.",-99
2025-01-23 00:30:00,"With Trump TikTok extension , new potential U . S . buyers emerge",nbcnews.com,-3.91273832321167,positive,1,-64,0,"The headline suggests that the extension of Trump's executive order may lead to new potential buyers for TikTok, which reduces the likelihood of a ban.",-99
2025-01-23 05:45:00,Is TikTok a national security threat – or is the ban a smokescreen for superpower rivalry ? ,theguardian.com,-1.874162435531616,neutral,0,-64,0,"The headline suggests that the ban may be driven by geopolitical reasons rather than genuine national security concerns, which reduces the likelihood of a ban being implemented.",-99
2025-01-23 06:00:00,UK minister calls TikTok desirable product but admits  genuine concern | TikTok,theguardian.com,-3.156238555908203,negative,-1,-65,-1,"The headline suggests ongoing concerns about TikTok, which decreases the likelihood of a ban.",-100
2025-01-23 22:00:00,Trump questions whether concerns over TikTok are  that important . Some current and former aides say they are,abcnews.go.com,-4.428829669952393,neutral,0,-65,-1,"The headline suggests skepticism about the importance of concerns over TikTok, which reduces the likelihood of a ban.",-101
2025-01-23 23:30:00,"In the TikTok Show  Famehungry , All the World an Audience",nytimes.com,-4.460147857666016,neutral,0,-65,-1,The headline is neutral and does not provide any information relevant to the likelihood of TikTok being banned in the US before May 2025.,-102
2025-01-25 17:00:00,Trump says banning TikTok wont make Americans safer from China . He may have a point,cnn.com,1.905901908874512,neutral,0,-65,-1,"The headline suggests that the former President believes a ban won't improve safety concerns, which could indicate less support for a ban and thus negatively impact the odds of TikTok being banned in the US before May 2025.",-103
2025-01-27 14:00:00,People in the US : share your experience of using TikTok,theguardian.com,-2.0849781036376958,neutral,0,-65,-1,The headline is neutral as it does not provide any information about the likelihood of TikTok being banned in the US before May 2025.,-104
2025-01-27 16:30:00,TikTok loaded phones are selling for thousands online after momentary ban,cbsnews.com,-0.1884515583515167,neutral,0,-65,-1,"The headline suggests that despite a momentary ban, TikTok is still accessible through loaded phones, which reduces the likelihood of it being banned in the US before May 2025.",-105
2025-01-28 05:00:00,Trump says Microsoft is one of the companies eyeing TikTok,abcnews.go.com,-4.352276802062988,neutral,0,-65,-1,The headline is neutral as it does not provide information on the likelihood of TikTok being banned in the US before May 2025. It only mentions that Microsoft is considering acquiring TikTok.,-106
2025-01-28 05:30:00,Trump says Microsoft in talks to buy TikTok,bbc.com,-4.267442226409912,neutral,0,-65,0,Negatively impacts the odds as it suggests a potential acquisition that could prevent a ban.,-106
2025-01-28 05:30:00,"Microsoft is in talks to acquire TikTok , Trump claims",theguardian.com,-4.3557963371276855,neutral,0,-65,-1,"This headline suggests potential acquisition by Microsoft, which could delay or prevent a ban on TikTok in the US.",-107
2025-01-29 10:30:00,Osaka bans public smoking ahead of Expo 2025,cnn.com,-4.33290433883667,neutral,0,-65,-1,The headline about Osaka banning public smoking ahead of Expo 2025 is unrelated to TikTok and its potential ban in the US.,-108
2025-01-29 20:00:00,"TikTok suppressed content critical of Trump , exclusive report alleges",foxnews.com,-2.720517635345459,neutral,0,-65,-1,"The headline suggests potential bias and manipulation by TikTok, which could lead to increased scrutiny and regulatory action against the platform.",-109
2025-02-03 23:30:00,"Trump orders creation of US sovereign wealth fund , says it could own part of TikTok",abcnews.go.com,-3.036379337310791,neutral,0,-65,-1,"The creation of a US sovereign wealth fund could potentially lead to increased government involvement in TikTok, which may increase the likelihood of eventual regulation or ownership changes, thus impacting the odds of TikTok being banned before May 2025.",-110
2025-02-03 23:45:00,Trump says an American sovereign wealth fund could acquire TikTok . Here what we know,cnn.com,-4.279843330383301,neutral,0,-65,0,"The headline suggests potential alternatives to a ban, which reduces the likelihood of a ban occurring by that deadline.",-110
2025-02-05 13:30:00,"My vote to ban TikTok was a mistake , here what Ive learned",foxnews.com,-0.0399059727787971,neutral,0,-65,-1,"The headline suggests a change of opinion regarding the ban, which implies that the current stance might be reconsidered or weakened, reducing the likelihood of a ban before May 2025.",-111
2025-02-06 04:15:00,"US Postal Service flip - flops on Hong Kong - China packages , lifting a ban imposed a day earlier",abcnews.go.com,-4.267725944519043,positive,1,-64,-1,The headline is unrelated to TikTok and its potential ban in the US.,-112
2025-02-06 22:00:00,House lawmakers push to ban AI app DeepSeek from US government devices,abcnews.go.com,-2.6905722618103027,neutral,0,-64,0,The headline is about banning a different AI app and does not impact the likelihood of TikTok being banned in the US before May 2025.,-112
2025-02-07 10:45:00,TikTok sued by parents of united kingdom teens after alleged challenge deaths,bbc.com,-2.7301554679870605,negative,-1,-65,-1,"The lawsuit by parents of UK teens may lead to increased scrutiny and potential regulatory actions against TikTok, which could negatively impact its prospects in the US market.",-113
2025-02-07 14:30:00,TikTok sued over deaths of children said to have attempted  blackout challenge  | TikTok,theguardian.com,-2.892622947692871,negative,-1,-66,-1,"The headline suggests negative publicity and legal issues for TikTok, which could negatively impact its usage and thus increase the likelihood of a ban.",-114
2025-02-07 22:30:00,Chinese tech giant quietly unveils advanced AI model amid battle over TikTok,abcnews.go.com,-3.2942113876342773,positive,1,-65,0,"The headline suggests ongoing competition and development in the tech sector, which could indicate continued operation of TikTok rather than a ban.",-114
2025-02-14 01:45:00,TikTok Returns to Apple and Google App Stores,nytimes.com,-3.866050720214844,neutral,0,-65,-1,"This headline suggests that TikTok will remain accessible through mainstream app stores, reducing the likelihood of it being banned in the US before May 2025.",-115
2025-02-14 02:00:00,Apple and Google restoring TikTok to U . S . app stores,nbcnews.com,-3.274348258972168,neutral,0,-65,-1,"This headline suggests that TikTok will remain available in the U.S. app stores, which reduces the likelihood of it being banned by May 2025.",-116
2025-02-14 02:30:00,"Apple , Google restore TikTok to their app stores",cbsnews.com,-4.085691928863525,neutral,0,-65,-1,"This action by Apple and Google indicates continued support for TikTok, reducing the likelihood of it being banned in the US before May 2025.",-117
2025-02-14 11:45:00,Apple to Restore TikTok to US App Store After Letter From Trump Administration,bloomberg.com,-2.5426671504974365,positive,1,-64,-1,"This headline suggests that TikTok will remain accessible in the US through the App Store, reducing the likelihood of it being banned before May 2025.",-118
2025-02-17 16:45:00,Alleged TikTok smugglers advertise Canada to US border passage,foxnews.com,-2.5967750549316406,neutral,0,-64,-1,The headline suggests ongoing issues with TikTok that could lead to continued scrutiny and potential bans or restrictions.,-119
2025-02-25 19:30:00,  There no better feeling : TikTok star Go - Jo to represent Australia at Eurovision 2025 | Eurovision,theguardian.com,-3.337834358215332,neutral,0,-64,0,The headline is about a TikTok star representing Australia at Eurovision and does not provide any information relevant to the likelihood of TikTok being banned in the US before May 2025.,-119
2025-02-28 07:30:00,  TikTok craze behind beauty spot parking issues  ,bbc.com,-3.747307062149048,neutral,0,-64,0,The headline is neutral as it does not provide any direct information about the likelihood of TikTok being banned in the US before May 2025.,-119
2025-03-01 12:45:00,TikTok  craze  behind Peak District bad parking crisis | National parks,theguardian.com,-4.131612777709961,neutral,0,-64,-1,The headline does not provide any direct information about TikTok being banned in the US before May 2025.,-120
2025-03-03 01:45:00,"TikTok profiting from sexual livestreams involving children , BBC told",bbc.com,-3.472487449645996,neutral,0,-64,0,"The headline suggests negative behavior by TikTok, which could lead to increased regulatory scrutiny and potential bans.",-120
2025-03-05 23:30:00,Im using TikTok to recruit women into construction,bbc.com,-3.8069777488708496,neutral,0,-64,-1,The headline is unrelated to the likelihood of TikTok being banned in the US before May 2025.,-121
2025-03-06 18:45:00,Albania shuts down TikTok for a year amid concerns over violence among children,cnn.com,-2.3960185050964355,negative,-1,-65,0,"Albania's action may signal growing concerns about TikTok, potentially increasing pressure for similar measures in other countries.",-121
2025-03-06 22:45:00,Trump Open to Again Extending TikTok Deadline If Necessary,bloomberg.com,-3.205371856689453,neutral,0,-65,-1,"This headline suggests that there may be further delays in the ban, reducing the likelihood of a ban by May 2025.",-122
2025-03-11 08:45:00,Indonesia : TikToker jailed for telling Jesus to cut his hair,bbc.com,-4.144754409790039,negative,-1,-66,0,The headline about TikToker jailed in Indonesia is unrelated to TikTok's status in the US.,-122
2025-03-15 06:00:00,Vance hopeful  high - level  TikTok deal will be completed by early April,abcnews.go.com,-4.486502647399902,neutral,0,-66,-1,"The headline suggests progress towards a potential deal, which reduces the likelihood of a ban before May 2025.",-123
2025-03-19 22:30:00,"TikTok is full of ADHD advice , but nearly half of it is misleading , study finds",abcnews.go.com,-3.898593425750733,neutral,0,-66,0,"The headline suggests that TikTok content may be unreliable, which could negatively impact user trust and engagement, reducing the likelihood of a ban.",-123
2025-03-24 18:15:00,TikTok withdraws controversial  chubby  filter,cnn.com,-2.4998745918273926,neutral,0,-66,-1,The withdrawal of a controversial filter is not directly related to the likelihood of TikTok being banned in the US before May 2025.,-124
2025-03-25 09:00:00,Non - compete clauses to be banned for most workers in 2025 federal budget after competition review,theguardian.com,-3.550845146179199,negative,-1,-67,0,The headline about non-compete clauses does not directly impact the likelihood of TikTok being banned in the US before May 2025.,-124
2025-03-26 23:45:00,Trump floats tariff reduction if China agrees to TikTok deal,nbcnews.com,-2.274984836578369,positive,1,-66,0,"The headline suggests potential easing of tensions with China, which could delay or prevent a ban on TikTok in the US.",-124
2025-03-27 08:45:00,TikTok removes hashtag used by cartel members as border agent warns of threat,foxnews.com,-2.9425253868103027,negative,-1,-67,0,The headline is neutral as it reports on a specific action by TikTok without indicating broader implications for the app's future in the US.,-124
2025-04-01 10:30:00,The deadline for TikTok to be sold in the US is fast approaching . Here what we know,cnn.com,-1.022369146347046,neutral,0,-67,-1,The headline is neutral as it simply states that a deadline is approaching and provides no indication of the outcome.,-125
2025-04-01 20:30:00,"Trump to consider final TikTok proposal Wednesday , sources say",cbsnews.com,-4.349098205566406,neutral,0,-67,0,The headline suggests potential negotiations but does not indicate a definitive ban or timeline.,-125
2025-04-02 04:00:00,Trump to Weigh TikTok Sale Plans Days Before Deadline,bloomberg.com,-4.050655841827393,neutral,0,-67,-1,"This headline suggests potential action to avoid a ban, increasing the likelihood of TikTok not being banned before May 2025.",-126
2025-04-02 08:00:00,Trump to consider final proposal on TikTok future as US ban deadline looms,theguardian.com,1.2465498447418213,neutral,0,-67,-1,"The headline suggests potential regulatory action against TikTok, which increases the likelihood of a ban before May 2025.",-127
2025-04-02 19:30:00,Amazon joins list of TikTok suitors as deadline for U . S . buyer nears,nbcnews.com,-4.317916870117188,neutral,0,-67,-1,"The headline suggests potential buyers for TikTok, which does not directly impact the likelihood of a ban by May 2025.",-128
2025-04-03 08:45:00,"US bans personnel in China from romantic , sexual relations with Chinese citizens",abcnews.go.com,-2.567281007766724,negative,-1,-68,0,The headline is unrelated to TikTok's status in the US and does not impact the odds of a ban before May 2025.,-128
2025-04-04 09:30:00,TikTok ban deadline looms amid last - minute takeover bids,theguardian.com,0.6907944083213806,negative,-1,-69,-1,"The headline suggests that a ban is still possible and that there are ongoing efforts to prevent it, which increases uncertainty and prolongs the timeline, making a ban less likely before May 2025.",-129
2025-04-04 18:15:00,Trump to delay enforcement of TikTok ban with another executive order,cbsnews.com,0.3189271688461303,negative,-1,-70,-1,"This headline suggests an extension of the ban enforcement, which increases the likelihood of TikTok being banned in the US before May 2025.",-130
2025-04-04 19:00:00,Trump extends deadline to keep TikTok running in US,bbc.com,-0.7278779745101929,neutral,0,-70,-1,"Extending the deadline increases the likelihood that TikTok will remain operational in the US beyond May 2025, reducing the odds of it being banned.",-131
2025-04-04 19:15:00,"Trump extends TikTok deal deadline by 75 days , touts  tremendous progress  ",nbcnews.com,-3.794417381286621,neutral,0,-70,-1,"The extension of the TikTok deal deadline and the statement of 'tremendous progress' suggest that TikTok may not be banned in the US before May 2025, which is negative for the odds of such an outcome.",-132
2025-04-04 20:15:00,"TikTok New Owner Stands to Inherit 1 , 500 Lawsuits Over Child Safety , Privacy",bloomberg.com,-3.6125974655151367,neutral,0,-70,-1,"The headline suggests potential legal challenges for TikTok, which could complicate its operations and increase regulatory scrutiny, making it less likely to be banned by May 2025.",-133
2025-04-04 20:15:00,Trump to extend TikTok ban enforcement deadline to continue work on a deal to sell it,cnn.com,0.4383500516414642,negative,-1,-71,1,"The extension of the ban enforcement deadline and the ongoing work on a deal to sell TikTok suggest uncertainty and potential delays in the ban, which is negative for the odds of TikTok being banned by May 2025.",-132
2025-04-04 20:15:00,China Will Decide TikTok Fate in America,bloomberg.com,-0.4391915500164032,neutral,0,-71,-1,"This headline suggests that the future of TikTok in the US will be determined by China, which increases uncertainty and potentially negative outcomes for the app being banned before May 2025.",-133
2025-04-04 21:45:00,Trump to extend TikTok ban enforcement deadline after China tariffs derail deal,cnn.com,2.106921911239624,negative,-1,-72,-1,"The extension of the ban enforcement deadline due to tariffs suggests ongoing uncertainty and potential delays, which is negative for the likelihood of a ban before May 2025.",-134
2025-04-05 02:45:00,A deal for TikTok seemingly falls hostage to the US - China trade war,abcnews.go.com,-0.6943421959877014,neutral,0,-72,0,"The headline suggests ongoing tensions between US and China, which could prolong negotiations and make a ban more likely.",-134
2025-04-11 15:00:00,TikTok travel influencer left housebound by ill health,bbc.com,-3.2237370014190674,negative,-1,-73,0,The headline is unrelated to TikTok's potential ban in the US.,-134
2025-04-15 16:30:00,"Starbucks announces uniform change , sparks criticism on TikTok",abcnews.go.com,-3.711440563201904,negative,-1,-74,0,The headline about Starbucks' uniform change and associated criticism on TikTok is unrelated to the likelihood of TikTok being banned in the US before May 2025.,-134
2025-04-16 13:15:00,"Chinese factories are flooding TikTok with luxury goods . Not so fast , experts say",cnn.com,-2.8792099952697754,negative,-1,-75,0,"The headline suggests skepticism about the impact of Chinese factories producing luxury goods on TikTok's ban, making it neutral regarding the odds of TikTok being banned in the US before May 2025.",-134
2025-04-16 16:15:00,Nvidia ( NVDA ) Says US Has Imposed New China Restrictions on H20 Chips,bloomberg.com,-4.048882007598877,negative,-1,-76,0,"This headline suggests new restrictions on H20 chips from being sold to China, which could potentially affect TikTok's operations as it uses Nvidia chips. This may increase the likelihood of TikTok facing operational challenges and could lead to a ban sooner than May 2025.",-134
2025-04-17 00:00:00,"How safe it is to fly , Harvard funding freeze , Chinese manufacturers take to TikTok : Catch up on the day stories",cnn.com,-4.417605400085449,neutral,0,-76,-1,The headline does not provide any specific information about TikTok or its potential ban in the US.,-135
2025-04-21 11:30:00,"China to retaliate with sanctions on US officials , NGO leaders over Hong Kong issues",abcnews.go.com,-4.382476329803467,negative,-1,-77,0,The headline about China retaliating with sanctions does not directly impact the likelihood of TikTok being banned in the US before May 2025.,-135
2025-04-24 11:15:00,"TikTok astrologer arrested for predicting another powerful earthquake in Myanmar , spreading panic",cbsnews.com,-2.375375270843506,negative,-1,-78,0,The headline is unrelated to TikTok's potential ban in the US.,-135
