date,title,domain,relevance_score,sentiment_predicted_FinBERT,numeric_sentiment_FinBERT,sentiment_trend_FinBERT,sentiment_predicted_QWEN,qwen_reason,sentiment_trend_QWEN
2024-09-18 15:15:00,China announces sanctions on US companies selling arms to self - ruled Taiwan,abcnews.go.com,-3.643741369247437,negative,-1,-1,0,The headline is unrelated to TikTok or any efforts towards banning it in the US.,0
2024-09-19 17:45:00,Woman on TikTok searches for airline passenger family after friendly encounter on flight,foxnews.com,-4.347397804260254,neutral,0,-1,0,"The headline is unrelated to any legal, political, or regulatory actions towards banning TikTok.",0
2024-09-20 09:30:00,Travelers on TikTok are making grocery stores the hottest vacation  destination  ,foxnews.com,-4.171425819396973,neutral,0,-1,0,"The headline is unrelated to any legal, political, or regulatory actions towards banning TikTok.",0
2024-09-23 17:15:00,"US seeks to ban Chinese software from cars , citing national security concerns",abcnews.go.com,-1.4026695489883425,negative,-1,-2,0,"The headline indicates increased national security concerns towards Chinese software, which could apply to TikTok and increase the likelihood of a ban.",0
2024-09-23 19:00:00,"Book censorship slows but remains stubbornly high in 2024 , American Library Association says",nbcnews.com,-3.6620264053344727,negative,-1,-3,0,Unrelated to TikTok ban efforts.,0
2024-09-23 19:15:00,US to ban Chinese tech in cars,bbc.com,-2.0415713787078857,neutral,0,-3,0,"The headline is about banning Chinese tech in cars, which is unrelated to TikTok specifically or any efforts towards banning TikTok.",0
2024-09-23 23:30:00,"TikTok removes Russian state media outlets RT and Sputnik , citing  covert influence operations  ",nbcnews.com,-2.576002597808838,negative,-1,-4,0,The headline is about TikTok removing Russian state media outlets and does not directly indicate any progress towards a ban of TikTok in the US.,0
2024-09-24 21:00:00,TikTok purges accounts tied to Russian media RT and Sputnik over  covert influence  efforts ahead of US election,cnn.com,-2.735359668731689,negative,-1,-5,0,The headline is about purging accounts tied to Russian media and does not directly indicate progress towards a ban on TikTok itself.,0
2024-09-25 00:45:00,TikTok removes Russian state media accounts for  covert influence operation ahead of US election,abcnews.go.com,-1.665297031402588,neutral,0,-5,1,The headline is about removing Russian state media accounts and does not directly impact the likelihood of TikTok being banned in the US.,1
2024-09-25 20:00:00,Walz failed to ban TikTok on government devices despite nat sec concerns,foxnews.com,0.7995786666870117,neutral,0,-5,-1,"The headline indicates an obstacle to banning TikTok, as the governor failed to implement a ban despite national security concerns.",0
2024-09-25 21:15:00,Social media influencers go dark on TikTok after promoting futuristic Saudi megacity,nbcnews.com,-4.384244441986084,negative,-1,-6,0,"The headline is unrelated to any legal, political, or regulatory actions towards banning TikTok in the US.",0
2024-09-26 10:00:00,South Korea sets a compensation plan for dog meat farmers before the 2027 ban,abcnews.go.com,-3.013808250427246,neutral,0,-6,0,Unrelated to TikTok ban in the US.,0
2024-09-26 15:30:00,TikTok videos spread misinformation to new migrant community in New York City,theguardian.com,-4.055439472198486,negative,-1,-7,0,The headline discusses misinformation spread but does not indicate any progress towards or obstacles against a ban.,0
2024-10-03 18:00:00,Popular TikTok creator Mr Prada charged with second - degree murder,nbcnews.com,-3.9518141746521,negative,-1,-8,1,"The headline is about a TikTok creator being charged with murder and does not directly relate to any legal, political, or regulatory actions towards banning TikTok.",1
2024-10-03 22:00:00,TikTok creator  Mr . Prada  arrested in murder case of Baton Rouge therapist,cnn.com,-3.6724579334259033,negative,-1,-9,0,The arrest of a TikTok creator in a murder case is unrelated to the likelihood of TikTok being banned in the US.,1
2024-10-08 15:15:00,"Fourteen AGs sue TikTok , accusing it of harming children mental health",nbcnews.com,-3.1571216583251958,negative,-1,-10,1,Legal action against TikTok increases the likelihood of a ban.,2
2024-10-08 15:30:00,"More than a dozen states sue TikTok , claiming its platform is addictive and harms the mental health of children",abcnews.go.com,-3.1072564125061035,negative,-1,-11,0,"Legal action from multiple states increases pressure on TikTok, potentially leading to stricter regulations or a ban.",2
2024-10-08 15:45:00,"US states sue TikTok , claiming its addictive features harm youth mental health",theguardian.com,-1.5371196269989014,negative,-1,-12,0,Legal action against TikTok increases pressure for potential ban.,2
2024-10-08 16:45:00,TikTok sued by 14 attorneys general alleging its app is harming children mental health,cbsnews.com,-2.686788558959961,negative,-1,-13,1,Legal action against TikTok increases pressure for potential ban.,3
2024-10-08 20:30:00,Charge against TikTok personality upgraded in the killing of a Louisiana therapist,abcnews.go.com,-4.16571044921875,negative,-1,-14,1,"The headline is unrelated to any legal, political, or regulatory actions towards banning TikTok in the US.",4
2024-10-09 08:15:00,TikTok sued by attorneys general alleging its app is harming children mental health,cbsnews.com,-2.632145404815674,negative,-1,-15,0,Legal action against TikTok increases pressure for potential ban.,4
2024-10-11 01:45:00,TikTok sued by 14 attorneys general over alleged harm to children mental health,cnn.com,-3.2466840744018555,negative,-1,-16,1,Legal action against TikTok increases pressure for potential regulatory measures or bans.,5
2024-10-11 03:00:00,TikTok star Taylor Rousseau Grigg cause of death shared,nbcnews.com,-4.23020076751709,neutral,0,-16,0,"The headline is unrelated to any legal, political, or regulatory actions towards banning TikTok in the US.",5
2024-10-12 00:45:00,"TikTok was aware of risks kids and teens face on its platform , legal document alleges",abcnews.go.com,-2.436073541641236,negative,-1,-17,1,The headline is about TikTok being aware of risks to kids and teens but does not indicate any progress towards or obstacles against a ban.,6
2024-10-17 16:15:00,US imposes sanctions on Chinese companies accused of helping make Russian attack drones,abcnews.go.com,-4.362102508544922,negative,-1,-18,0,The headline is unrelated to TikTok or any efforts towards banning it in the US.,6
2024-10-29 09:00:00,JPMorgan sues customers over alleged fraud linked to glitch spread on TikTok,theguardian.com,-4.058513641357422,negative,-1,-19,0,"The headline is unrelated to any legal, political, or regulatory actions towards banning TikTok.",6
2024-10-30 08:30:00,TikTok founder is now China richest person . But the country total number of billionaires has shrunk,cnn.com,-3.474063873291016,negative,-1,-20,0,The headline is unrelated to the probability of TikTok being banned in the US.,6
2024-10-30 14:00:00,Founder of TikTok owner ByteDance jumps to top of China rich list as number of billionaires shrinks,nbcnews.com,-2.5534629821777344,positive,1,-19,0,The headline is about the financial success of ByteDance's founder and does not directly impact the likelihood of TikTok being banned in the US.,6
2024-11-04 12:00:00,French parents whose children took own lives sue TikTok over harmful content,theguardian.com,-3.610814094543457,negative,-1,-20,1,"Legal action against TikTok increases pressure for regulatory or legal measures, potentially leading to a ban.",7
2024-11-07 01:00:00,Canada orders TikTok Canadian business to be dissolved but wont block app,abcnews.go.com,-2.644019365310669,neutral,0,-20,0,"The headline is about Canada ordering a TikTok Canadian business to dissolve but not blocking the app, which does not directly affect the probability of TikTok being banned in the US.",7
2024-11-13 22:00:00,"Ireland orders X , TikTok and Instagram to curb terrorist content",theguardian.com,-3.862907886505127,neutral,0,-20,-1,The headline is about curbing terrorist content on TikTok and Instagram but does not directly impact the likelihood of TikTok being banned in the US.,6
2024-11-14 13:30:00,Trump may try to reverse TikTok ban . Here how he could . ,abcnews.go.com,-1.8487441539764404,neutral,0,-20,0,"Headline indicates Trump may attempt to reverse TikTok ban, which decreases the probability of TikTok being banned.",6
2024-11-26 05:15:00,Venezuela Maduro Summons TikTok Official Over Deadly Challenge,bloomberg.com,-4.110069751739502,negative,-1,-21,0,The headline is unrelated to the probability of TikTok being banned in the US before May 2025.,6
2024-11-27 02:45:00,Florida TikTok influencer arrested for stealing at Target : police,foxnews.com,-3.610159397125244,negative,-1,-22,0,Unrelated to TikTok ban efforts or regulations.,6
2024-12-01 13:45:00,Trump Cabinet picks deeply divided on TikTok ban,nbcnews.com,-0.5169494152069092,negative,-1,-23,0,The division within Trump's cabinet does not provide clear direction towards or against a TikTok ban.,6
2024-12-03 00:45:00,Chip war ramps up with new US semiconductor restrictions on China,theguardian.com,-4.288237571716309,negative,-1,-24,0,The headline is about semiconductor restrictions and does not directly impact the likelihood of TikTok being banned in the US.,6
2024-12-03 13:30:00,"China bans exports to US of gallium , germanium , antimony in response to chip sanctions",abcnews.go.com,-3.608629703521729,negative,-1,-25,0,Unrelated to TikTok ban efforts.,6
2024-12-03 13:30:00,China bans exports to the US of gallium and other key materials after the US curbs computer chip - related exports,abcnews.go.com,-3.036912441253662,negative,-1,-26,0,The headline is unrelated to TikTok's status in the US.,6
2024-12-03 15:15:00,TikTok defends handling of Romania election content in grilling by EU lawmakers,abcnews.go.com,-4.028809547424316,negative,-1,-27,0,The headline is about TikTok defending its content policies in the EU and does not directly impact the likelihood of TikTok being banned in the US.,6
2024-12-04 05:00:00,China bans exports of key microchip elements to US as trade tensions escalate,theguardian.com,-3.4909963607788086,negative,-1,-28,1,The headline is about trade tensions involving microchips and does not directly impact the likelihood of TikTok being banned in the US.,7
2024-12-06 16:00:00,"Appeals court upholds TikTok ban , declining to block law that would force sale",cbsnews.com,-0.3336831927299499,neutral,0,-28,-1,"The headline indicates legal support for the ban, increasing the likelihood of TikTok being banned in the US before May 2025.",6
2024-12-06 17:00:00,US appeals court upholds law forcing sale or ban of TikTok,theguardian.com,0.9819629788398744,neutral,0,-28,-1,"The headline indicates legal support for actions leading to TikTok's ban or forced sale, increasing the probability of a ban.",5
2024-12-06 18:30:00,Why were addicted to  silent review on TikTok,cnn.com,-4.328859329223633,neutral,0,-28,0,"The headline is unrelated to any legal, political, or regulatory actions towards banning TikTok.",5
2024-12-06 19:30:00,TikTok is one step closer to being banned in the US,cnn.com,2.7286837100982666,neutral,0,-28,0,"The headline indicates progress toward a ban, increasing the probability of TikTok being banned in the US before May 2025.",5
2024-12-07 05:00:00,TikTok is inching closer to a potential ban in the US . So what next ? ,abcnews.go.com,1.9788511991500852,neutral,0,-28,1,"The headline indicates progress toward a ban, increasing the probability of TikTok being banned in the US before May 2025.",6
2024-12-07 05:00:00,Federal appeals court upholds law requiring sale or ban of TikTok in the US,abcnews.go.com,1.9105217456817627,neutral,0,-28,0,"The headline indicates legal support for the ban or forced sale of TikTok, increasing the likelihood of a ban.",6
2024-12-07 14:00:00,What next for TikTok now that the app might get banned ? ,cnn.com,-0.5097096562385559,negative,-1,-29,1,The headline does not indicate any specific progress towards or away from a ban.,7
2024-12-09 17:15:00,TikTok asks federal appeals court to bar enforcement of ban until SCOTUS review,abcnews.go.com,0.2612736225128174,neutral,0,-29,1,"Headline indicates legal action to prevent enforcement of the ban, which decreases the probability of TikTok being banned.",8
2024-12-09 17:45:00,TikTok and its owner ask for temporary block to law that could result in the app US ban,cnn.com,3.775956630706787,negative,-1,-30,1,Request for temporary block to ban law increases obstacles and delays for TikTok ban.,9
2024-12-09 18:30:00,TikTok requests emergency motion to stop ban from taking effect,abcnews.go.com,0.003295861184597,negative,-1,-31,1,"The headline indicates TikTok is taking action to prevent the ban, suggesting obstacles to the ban being implemented.",10
2024-12-10 13:00:00,TikTok Ban : What Happens Next After Appeal Court Upholds US Law,bloomberg.com,0.6943057775497437,neutral,0,-31,-1,The appeal court upholding US law increases legal momentum towards a potential TikTok ban.,9
2024-12-11 17:30:00,TikTok files challenge against Canadian government order to dissolve its business in the country,abcnews.go.com,-2.561284065246582,negative,-1,-32,0,The headline is about TikTok's legal action in Canada and does not directly affect the probability of TikTok being banned in the US.,9
2024-12-12 03:45:00,"Meta , TikTok and Google to be forced to pay for Australian news",theguardian.com,-4.108832359313965,negative,-1,-33,0,The headline is unrelated to a potential ban on TikTok in the US.,9
2024-12-12 05:00:00,"US to Increase Tariffs on China Wafers , Polysilicon From 2025",bloomberg.com,-2.915048599243164,positive,1,-32,-1,The headline is about tariffs on wafers and polysilicon and does not directly relate to TikTok or efforts towards banning it.,8
2024-12-12 16:45:00,Domestic violence : Mum donates Tiktok profits to women refuge,bbc.com,-4.076939582824707,neutral,0,-32,0,Unrelated to TikTok ban efforts or regulatory actions.,8
2024-12-13 08:15:00,TikTok : Rapid rise of high - flying Belfast content creator,bbc.com,-3.679319381713867,positive,1,-31,0,The headline is about a content creator and does not indicate any progress towards or obstacles against a potential ban.,8
2024-12-13 17:30:00,Chinese associate of Prince Andrew banned from united kingdom as national security risk,cnn.com,-4.422699928283691,negative,-1,-32,1,Unrelated to TikTok ban efforts in the US.,9
2024-12-13 22:00:00,"Apple and Google must prepare to remove TikTok from app stores by Jan . 19 , lawmakers warn",cnn.com,-1.0859538316726685,negative,-1,-33,0,"The headline indicates legal pressure towards removing TikTok, increasing the likelihood of a ban.",9
2024-12-14 00:45:00,Appeals court denies TikTok bid to delay ban,cbsnews.com,0.082118809223175,negative,-1,-34,1,Denying TikTok's bid to delay the ban indicates legal momentum towards enforcing the ban.,10
2024-12-14 01:45:00,Court denies TikTok request to halt enforcement of potential US ban until Supreme Court review,abcnews.go.com,2.431053638458252,negative,-1,-35,1,"Denial of TikTok's request increases legal enforcement of potential ban, advancing its likelihood.",11
2024-12-14 02:00:00,"Federal appeals court declines to temporarily block ban on TikTok , teeing up showdown at SCOTUS over controversial law",cnn.com,0.5513163805007935,negative,-1,-36,0,"The headline indicates legal momentum towards a ban on TikTok, increasing the probability of a ban before May 2025.",11
2024-12-14 16:15:00,TikTok Shop was going to be the next big thing . A potential ban could change that,cnn.com,-0.8786303400993347,neutral,0,-36,0,A potential ban mentioned increases the likelihood of a TikTok ban.,11
2024-12-16 13:15:00,Controversy surrounding TikTok influencer Hannah Hiatt shows potential consequences of  sharenting  online,abcnews.go.com,-3.8788793087005615,negative,-1,-37,-1,"The headline discusses an individual case of'sharenting' and does not directly relate to any legal, political, or regulatory actions towards banning TikTok.",10
2024-12-16 21:45:00,TikTok asks Supreme Court to block law that could ban popular app,nbcnews.com,1.5522054433822632,negative,-1,-38,-1,TikTok seeking legal action to block a potential ban indicates an obstacle to the ban being implemented.,9
2024-12-16 22:45:00,TikTok asks the Supreme Court for an emergency order to block a US ban unless it sold,abcnews.go.com,2.028050661087036,negative,-1,-39,1,"The headline indicates TikTok is taking legal action to prevent a ban, suggesting obstacles to the ban.",10
2024-12-16 23:00:00,Trump meeting with TikTok CEO at Mar - a - Lago as company asks Supreme Court to intervene in fight over federal ban,cnn.com,-0.3802273273468017,neutral,0,-39,0,The meeting and Supreme Court intervention indicate efforts to prevent or delay a ban.,10
2024-12-16 23:30:00,TikTok CEO meets with Trump ahead of January ban,cbsnews.com,0.4228310286998749,neutral,0,-39,-1,Meeting with Trump suggests potential political support or momentum towards the ban.,9
2024-12-16 23:45:00,Trump meeting with TikTok CEO Shou Chew at Mar - a - Lago,abcnews.go.com,-4.425395965576172,neutral,0,-39,1,Meeting between Trump and TikTok CEO may indicate efforts to negotiate or find solutions that prevent a ban.,10
2024-12-16 23:45:00,Trump meets with TikTok CEO at Mar - a - Lago as company asks Supreme Court to intervene in fight over federal ban,cnn.com,-0.8171051740646362,neutral,0,-39,0,"The meeting and legal intervention suggest efforts to prevent a ban, decreasing the probability of TikTok being banned.",10
2024-12-17 01:45:00,Trump to meet TikTok CEO as ban deadline looms,bbc.com,-0.751113772392273,neutral,0,-39,-1,Meeting between Trump and TikTok CEO suggests potential negotiations to avoid ban.,9
2024-12-17 14:15:00,EU investigates TikTok over Romanian presidential election safeguards,abcnews.go.com,-3.860097885131836,neutral,0,-39,-1,The headline is about EU investigations and does not directly impact the probability of TikTok being banned in the US.,8
2024-12-17 16:00:00,EU opens probe into TikTok over suspected Romania election interference,cnn.com,-4.237829208374023,negative,-1,-40,0,The headline is about EU investigation and does not directly affect the probability of TikTok being banned in the US.,8
2024-12-17 21:00:00,Frank McCourt On Buying TikTok From The Chinese Communist Party Or Building A New Version,foxnews.com,-3.289015293121338,neutral,0,-40,1,The headline discusses potential acquisition or creation of TikTok but does not indicate progress towards a ban.,9
2024-12-18 16:45:00,Supreme Court agrees to hear challenge to TikTok ban,cbsnews.com,0.4234161078929901,neutral,0,-40,1,The Supreme Court hearing a challenge to the TikTok ban suggests legal obstacles that could weaken efforts to enforce or implement the ban.,10
2024-12-18 17:15:00,Supreme Court to hear TikTok last gasp bid to avoid US ban,bbc.com,0.6108534336090088,negative,-1,-41,0,The headline indicates legal proceedings but does not directly suggest an increase or decrease in the probability of a TikTok ban before May 2025.,10
2024-12-18 17:30:00,Supreme Court to hear arguments over TikTok ban on Jan . 10,abcnews.go.com,0.4950516819953918,neutral,0,-41,0,"The Supreme Court hearing arguments does not indicate progress towards or obstacles for a TikTok ban, it merely signifies legal proceedings.",10
2024-12-18 17:45:00,Supreme court agrees to hear TikTok challenge to law ending its US operations,theguardian.com,-1.2362632751464844,positive,1,-40,0,The Supreme Court hearing the case suggests legal challenges that could obstruct or delay a ban on TikTok.,10
2024-12-18 19:00:00,Supreme Court agrees to hear case over TikTok ban,cnn.com,0.5109682679176331,neutral,0,-40,-1,The Supreme Court hearing the case suggests legal momentum towards a potential TikTok ban.,9
2024-12-18 21:45:00,U . S . mulls ban on Chinese - made TP - Link routers over security concerns,cbsnews.com,-4.190478324890137,negative,-1,-41,0,The headline discusses security concerns over Chinese-made TP-Link routers and does not directly relate to TikTok or efforts to ban it.,9
2024-12-20 11:45:00,The US supreme court TikTok case will put free expression on the line | Trevor Timm,theguardian.com,-2.800408124923706,neutral,0,-41,1,The headline discusses the potential impact on free expression but does not indicate progress towards or obstacles against a ban.,10
2024-12-21 22:15:00,Albania to close TikTok for a year blaming it for promoting violence among children,abcnews.go.com,-3.8362843990325928,negative,-1,-42,-1,"Albania closing TikTok due to concerns promotes legal and political momentum towards potential bans in other regions, including the US.",9
2024-12-22 09:45:00,A TikTok Ban Would Force Instagram and YouTube to Play Catchup,bloomberg.com,-0.1027498692274093,negative,-1,-43,1,The headline discusses potential impacts on Instagram and YouTube but does not indicate any progress towards or obstacles against a TikTok ban.,10
2024-12-22 11:15:00,Albania Bans TikTok for at Least One Year : Albanian Daily News,bloomberg.com,-0.6136435270309448,neutral,0,-43,0,"Albania banning TikTok shows progress towards a ban, which may increase similar actions in other countries including the US.",10
2024-12-22 15:30:00,TikTok creators share how to keep the holidays affordable in 2024,nbcnews.com,-2.229426860809326,neutral,0,-43,0,"The headline is unrelated to any legal, political, or regulatory actions towards banning TikTok.",10
2024-12-22 17:15:00,Albania bans TikTok for a year after killing of teenager,cnn.com,0.0626342296600341,negative,-1,-44,0,"The headline is about Albania banning TikTok, which does not directly affect the probability of TikTok being banned in the US before May 2025.",10
2024-12-23 11:00:00,Personal Shoppers Cash in on TikTok Live,nbcnews.com,-3.693023681640625,neutral,0,-44,0,Unrelated to TikTok ban efforts.,10
2024-12-23 18:00:00,Congress is looking to ban Chinese drones that are widely used in US . What to know about the debate,abcnews.go.com,-3.3870673179626465,neutral,0,-44,1,"The headline indicates potential legislative action against Chinese technology, which could extend to TikTok, increasing the likelihood of a ban.",11
2024-12-26 11:15:00,"Anxious about a looming TikTok ban , some American creators look to other platforms",nbcnews.com,0.7918415069580078,negative,-1,-45,1,The headline indicates user behavior in response to a potential ban but does not directly affect the likelihood of the ban itself.,12
2024-12-27 23:30:00,Trump urges Supreme Court to hit pause on looming TikTok ban,nbcnews.com,0.1483050435781479,negative,-1,-46,-1,Trump urging the Supreme Court to pause the TikTok ban indicates an obstacle or delay to the ban.,11
2024-12-28 00:45:00,"Trump asks Supreme Court to pause TikTok ban , while Biden says app poses  grave  threat",cnn.com,0.4314159750938415,negative,-1,-47,0,"Trump's action to pause the TikTok ban increases obstacles for a ban, while Biden's statement alone does not indicate progress towards an actual ban.",11
2024-12-31 16:15:00,Small businesses brace themselves for potentially disruptive TikTok ban,abcnews.go.com,0.529096245765686,negative,-1,-48,-1,"The headline indicates potential progress towards a ban, as small businesses bracing for a ban suggests ongoing efforts or expectations of a ban.",10
2025-01-01 04:45:00,TikTok fined $10 million in Venezuela as court cites deaths from viral challenges,cnn.com,-3.029850959777832,negative,-1,-49,1,The headline is about a fine in Venezuela and does not affect the probability of TikTok being banned in the US.,11
2025-01-04 00:15:00,TikTok and Government Clash in Last Round of Supreme Court Briefs,nytimes.com,-4.155261993408203,negative,-1,-50,0,Supreme Court involvement suggests legal proceedings that could lead to a ban.,11
2025-01-04 15:15:00,"TikTok knew its livestreaming feature allowed child exploitation , state lawsuit alleges",theguardian.com,-1.970917820930481,negative,-1,-51,0,The allegation of child exploitation could increase pressure for stricter regulation or a ban on TikTok.,11
2025-01-04 18:30:00,Justice Department urges Supreme Court to reject Trump push to pause TikTok ban,nbcnews.com,-0.2603967785835266,negative,-1,-52,-1,"The Justice Department urging the Supreme Court to reject Trump's push to pause TikTok ban indicates legal obstacles against a ban, decreasing its likelihood.",10
2025-01-05 13:30:00,TikTok creators left in limbo while awaiting decision on potential platform ban,abcnews.go.com,0.3467457592487335,negative,-1,-53,1,The headline indicates uncertainty but does not show clear progress towards or obstacles against a ban.,11
2025-01-09 10:45:00,TikTok Case Before Supreme Court Pits National Security Against Free Speech,nytimes.com,-1.7165018320083618,neutral,0,-53,1,The headline discusses a legal case involving national security and free speech but does not indicate progress towards or obstacles against a ban.,12
2025-01-09 11:15:00,TikTok Creators and Brands Are Bracing for a Potential Ban,nytimes.com,0.9894546866416932,neutral,0,-53,0,"The headline indicates that there is a potential ban being considered, which increases the probability of TikTok being banned in the US before May 2025.",12
2025-01-09 17:45:00,TikTok ban solution ?  Shark Tank  Kevin OLeary and billionaire Frank McCourt want to buy the app,cnn.com,-0.6674549579620361,neutral,0,-53,0,"Headline indicates potential buyers interested in purchasing TikTok, which could prevent a ban by keeping it under US ownership.",12
2025-01-09 18:00:00,TikTok says it plans to shut down site unless Supreme Court strikes down law forcing it to sell,cbsnews.com,-3.1332387924194336,negative,-1,-54,0,The headline is about TikTok's response to a potential legal action and does not directly indicate progress towards or obstacles against a ban.,12
2025-01-10 08:15:00,TikTok ban will be weighed by Supreme Court . Here what to watch Friday,cnn.com,-0.2580288052558899,neutral,0,-54,-1,"The involvement of the Supreme Court suggests legal challenges which could delay or alter the ban, making it unclear whether the ban will proceed.",11
2025-01-10 09:15:00,US supreme court to hear arguments in TikTok ban - or - sale case,theguardian.com,-0.1538530141115188,neutral,0,-54,0,"The headline is about the Supreme Court hearing arguments, which does not directly indicate progress towards or obstacles against a TikTok ban.",11
2025-01-10 10:30:00,Supreme Court to Hear Challenge to Law That Could Shut Down TikTok,nytimes.com,-2.4407196044921875,negative,-1,-55,0,"The Supreme Court hearing a challenge to the law could indicate legal hurdles, potentially delaying or weakening efforts to ban TikTok.",11
2025-01-10 13:15:00,At least 10 dead in L . A . wildfires and Supreme Court weighs TikTok ban : Morning Rundown,nbcnews.com,-0.6591618061065674,negative,-1,-56,0,The headline mentions the Supreme Court weighing a TikTok ban but does not indicate any clear progress towards or away from a ban.,11
2025-01-10 13:15:00,Supreme Court considers whether to allow TikTok ban to take effect,nbcnews.com,0.2692664861679077,neutral,0,-56,0,The Supreme Court considering allowing the TikTok ban indicates legal momentum towards the ban taking effect.,11
2025-01-10 13:15:00,How influencers are preparing for a potential TikTok ban,cnn.com,-0.8763175010681152,neutral,0,-56,0,The headline discusses preparation for a potential ban but does not indicate any progress towards or obstacles against an actual ban.,11
2025-01-10 15:15:00,Listen Live : Supreme Court hears TikTok ban arguments as deadline nears,cbsnews.com,-0.6148431301116943,negative,-1,-57,-1,The Supreme Court hearing suggests legal momentum towards a potential ban.,10
2025-01-10 16:30:00,Tik Tok urges Supreme Court to pause impending ban,foxnews.com,-3.8041374683380127,negative,-1,-58,1,TikTok urging the Supreme Court to pause the ban indicates an obstacle or delay to the ban implementation.,11
2025-01-10 20:00:00,Supreme Court appears skeptical of blocking U . S . ban on TiKTok : What to know,foxnews.com,1.4991761445999146,neutral,0,-58,1,Skepticism from the Supreme Court towards blocking the ban suggests increased likelihood of the ban proceeding.,12
2025-01-10 23:00:00,Supreme Court signals it will uphold ban on TikTok over national security concerns and other takeaways from oral arguments,cnn.com,0.7430577278137207,negative,-1,-59,1,"The headline indicates legal support for a ban on TikTok, increasing the probability of a ban before May 2025.",13
2025-01-11 01:30:00,TikTok left with few options after Supreme Court hearing,nbcnews.com,-3.081124782562256,neutral,0,-59,1,"The headline suggests legal challenges or setbacks for TikTok, increasing the likelihood of a ban.",14
2025-01-11 10:00:00,What happens to my TikTok if the ban goes through ? ,cnn.com,-2.5320348739624023,neutral,0,-59,0,The headline is asking about the consequences of a ban rather than indicating any progress towards or obstacles against the ban.,14
2025-01-13 19:45:00,Here what TikTok users are saying about the looming ban,cnn.com,-0.1735858619213104,neutral,0,-59,1,"The headline does not indicate any progress towards or obstacles against a ban, merely reporting user reactions.",15
2025-01-14 03:30:00,Chinese officials reportedly discuss sale of TikTok in US to Elon Musk,theguardian.com,-0.6947367191314697,neutral,0,-59,-1,"The discussion of a sale to Elon Musk indicates potential negotiations to keep TikTok operational in the US, reducing the likelihood of a ban.",14
2025-01-14 12:45:00,"What is RedNote , the Chinese app that US  TikTok refugee are flocking to ? ",cnn.com,-3.0631046295166016,neutral,0,-59,1,The headline is about users moving to a new app and does not indicate any progress towards or away from a TikTok ban.,15
2025-01-14 14:15:00,"Why TikTok Users Are Downloading  Red Note , the Chinese App",nytimes.com,-3.644343376159668,neutral,0,-59,-1,The headline is about TikTok users downloading another Chinese app and does not indicate any progress towards or obstacles against banning TikTok.,14
2025-01-14 22:45:00,Why China may be OK selling TikTok to Elon Musk,cnn.com,-4.185776233673096,neutral,0,-59,0,"Headline suggests potential sale of TikTok to a US company, reducing likelihood of a ban.",14
2025-01-15 11:30:00,What happens if TikTok is banned ? ,bbc.com,-0.4181307256221771,neutral,0,-59,0,"The headline does not indicate any progress towards or obstacles against a ban, it merely poses a hypothetical question.",14
2025-01-15 18:15:00,TikTok Says U . S . Employees Will Have Jobs Even if the App Is Banned,nytimes.com,1.1097826957702637,neutral,0,-59,-1,"The headline indicates that TikTok is taking steps to ensure employment for its U.S. employees even if the app is banned, suggesting efforts to maintain operations and potentially negotiate against a ban.",13
2025-01-15 21:00:00,Chinese RedNote users embrace Americans ahead of TikTok ban,nbcnews.com,2.097874164581299,neutral,0,-59,0,The headline discusses user behavior related to an alternative app and does not directly indicate progress towards or obstacles against a TikTok ban.,13
2025-01-15 23:30:00,TikTok considering total shutdown in U . S . if ban moves forward,nbcnews.com,0.7668466567993164,negative,-1,-60,-1,"The headline indicates TikTok is considering shutting down in response to a potential ban, suggesting legal and political momentum towards the ban.",12
2025-01-16 02:00:00,TikTok ban : Trump is considering a plan to save popular video app,cnn.com,0.1039692759513855,positive,1,-59,1,"The headline indicates Trump is considering a plan to save TikTok, which decreases the likelihood of a ban.",13
2025-01-16 05:00:00,TikTok C . E . O . Plans to Attend Trump Inauguration,nytimes.com,-4.391348838806152,neutral,0,-59,1,The headline is unrelated to the probability of TikTok being banned before May 2025.,14
2025-01-16 05:45:00,Biden administration looks for ways to keep TikTok available in the U . S . ,nbcnews.com,-1.9852309226989744,positive,1,-58,-1,"The headline indicates efforts to prevent a ban on TikTok, decreasing the probability of a ban.",13
2025-01-16 12:45:00,TikTok is the only truly democratic social platform . A US ban would rob us all | Sophia Smith Galer,theguardian.com,0.90603905916214,neutral,0,-58,-1,"The headline discusses the nature of TikTok as a social platform and the impact of a potential ban, but does not indicate any progress towards or obstacles against a ban.",12
2025-01-16 22:45:00,Supreme Court may announce opinions Friday as decision on TikTok ban looms,cbsnews.com,-0.6280044317245483,neutral,0,-58,-1,"The headline does not indicate any progress towards or away from a TikTok ban, merely that a decision is pending.",11
2025-01-17 00:30:00,RedNote : Chinese users react to US  TikTok refugees  ,bbc.com,-1.573698878288269,neutral,0,-58,0,The headline is about Chinese user reactions and does not provide any information about the progress or obstacles towards a TikTok ban in the US.,11
2025-01-17 05:15:00,"As US  TikTok refugee move to RedNote , some are encountering Chinese - style censorship for the first time",cnn.com,0.4421262145042419,negative,-1,-59,1,The headline discusses user experiences with censorship but does not indicate progress towards or obstacles against banning TikTok.,12
2025-01-17 11:30:00,TikToking on heaven door : Bob Dylan joins social media app as US ban looms | Bob Dylan,theguardian.com,-4.367671012878418,neutral,0,-59,0,The headline is about Bob Dylan joining TikTok and does not provide any information about the progress or obstacles towards a potential ban.,12
2025-01-17 15:30:00,TikTok updates : TikTok faces ban in US by Sunday after Supreme Court rejects appeal,bbc.com,3.3146913051605225,negative,-1,-60,-1,Supreme Court rejecting TikTok's appeal increases legal momentum towards a ban.,11
2025-01-17 15:30:00,Supreme Court Backs Law Requiring TikTok to Be Sold or Banned,nytimes.com,0.2728748023509979,neutral,0,-60,0,"The headline indicates legal momentum towards a ban or sale of TikTok, increasing the probability of a ban before May 2025.",11
2025-01-17 15:30:00,US supreme court issues ruling upholding nationwide ban on TikTok,theguardian.com,2.331089496612549,negative,-1,-61,-1,"The ruling supports legal progress towards banning TikTok, increasing the likelihood of a ban before May 2025.",10
2025-01-17 16:00:00,TikTok is set to be banned Sunday . Here what it means for you,cnn.com,1.1055984497070312,neutral,0,-61,1,"The headline indicates progress towards a ban, increasing the likelihood of TikTok being banned in the US before May 2025.",11
2025-01-17 16:30:00,TikTok ban : What US app users need to know,cnn.com,0.998319149017334,neutral,0,-61,1,The headline is informative but does not indicate any progress towards or obstacles against a ban.,12
2025-01-17 16:30:00,"Supreme Court says TikTok can be banned in the US , leaving its future in limbo",cnn.com,3.0805985927581787,negative,-1,-62,0,"The headline indicates legal momentum towards a potential ban, increasing the probability of TikTok being banned in the US before May 2025.",12
2025-01-17 19:00:00,TikTok ban will be first test for Trump as dealmaker - in - chief,bbc.com,0.0761147737503051,neutral,0,-62,-1,The headline discusses Trump's role as a dealmaker but does not indicate any specific progress towards or away from a TikTok ban.,11
2025-01-17 19:15:00,Chinese app RedNote could pose greater security risks than TikTok,nbcnews.com,-1.5670149326324463,neutral,0,-62,1,"The headline discusses RedNote, not TikTok, and does not directly impact the likelihood of TikTok being banned.",12
2025-01-17 20:15:00,Tiktok Sale May be in China Hands - The New York Times,nytimes.com,-1.1111537218093872,neutral,0,-62,0,"The headline is about the potential sale of TikTok to a Chinese entity, which does not directly indicate progress towards a ban or obstacles to it.",12
2025-01-17 21:00:00,Can Trump Save TikTok From a Potential Ban ? ,nytimes.com,-1.9010872840881348,neutral,0,-62,-1,"The headline suggests Trump is taking action to prevent a TikTok ban, which decreases the probability of a ban.",11
2025-01-17 21:45:00,Why is TikTok getting banned ? What behind the law that could shutter the app,cbsnews.com,-0.4009421765804291,negative,-1,-63,-1,"The headline suggests legal momentum towards banning TikTok, increasing the probability of a ban.",10
2025-01-17 21:45:00,TikTok users say goodbye to the app ahead of ban date,nbcnews.com,2.393867254257202,neutral,0,-63,1,"Users saying goodbye implies preparations for an impending ban, indicating progress towards the ban.",11
2025-01-17 23:30:00,TikTok Changed How We Talk About Health,nytimes.com,-3.328782796859741,neutral,0,-63,0,"The headline is unrelated to any legal, political, or regulatory actions towards banning TikTok in the US.",11
2025-01-17 23:45:00,Fox News Politics Newsletter : Time Up for TikTok,foxnews.com,-3.9832818508148193,neutral,0,-63,1,"The headline suggests potential action against TikTok, indicating progress towards a ban.",12
2025-01-18 00:45:00,The Supreme Court Cleared the Way for U . S . to Ban TikTok,nytimes.com,2.335716009140014,neutral,0,-63,0,The headline indicates legal progress towards a ban on TikTok in the US.,12
2025-01-18 02:00:00,Business Rundown : The  Creator Economy  Braces For A TikTok Ban,foxnews.com,-0.0414154008030891,negative,-1,-64,1,"The headline indicates preparation for a TikTok ban, suggesting progress towards the ban.",13
2025-01-18 03:15:00,TikTok refugees are pouring to Xiaohongshu . Here what you need to know about the RedNote app,abcnews.go.com,-4.451076984405518,neutral,0,-64,-1,The headline discusses user migration from TikTok to other apps but does not indicate any progress towards or obstacles against a ban.,12
2025-01-18 06:00:00,The rise - and potential fall - of TikTok in the US,abcnews.go.com,-0.6111544370651245,negative,-1,-65,0,The headline does not provide specific information about the likelihood of TikTok being banned before May 2025.,12
2025-01-18 10:45:00,What is No One Misses TikTok ? ,nytimes.com,-4.181978702545166,neutral,0,-65,-1,"The headline is unrelated to any legal, political, or regulatory actions towards banning TikTok.",11
2025-01-18 11:00:00,EVITA DUFFY - ALFONSO : Why my generation is ditching TikTok for another communist app,foxnews.com,-3.8653249740600586,neutral,0,-65,0,The headline discusses users switching from TikTok to another app but does not indicate any progress towards banning TikTok in the US.,11
2025-01-18 14:00:00,Live updates : Trump inauguration moves inside as TikTok ban looms,cnn.com,-2.0933547019958496,neutral,0,-65,-1,The headline indicates progress towards a TikTok ban as it mentions the ban looming.,10
2025-01-18 19:00:00,"Trump says he will  most likely  delay TikTok ban temporarily , but has not made final decision",cnn.com,-0.9796119928359984,neutral,0,-65,1,"Headline indicates potential delay or veto of the TikTok ban, reducing its likelihood before May 2025.",11
2025-01-18 19:00:00,Trump says he will likely grant TikTok a 90 - day reprieve from US ban when he takes office,theguardian.com,0.9250696301460266,positive,1,-64,0,"Headline indicates Trump will likely delay or prevent an immediate ban on TikTok, reducing the probability of a ban before May 2025.",11
2025-01-19 01:00:00,Trump says hell  likely  give TikTok a 90 - day extension to avoid ban,abcnews.go.com,-0.2594857811927795,neutral,0,-64,-1,"Headline indicates Trump will extend the timeline for TikTok, reducing the likelihood of a ban before May 2025.",10
2025-01-19 01:45:00,TikTok ban likely to spread to US allies,bbc.com,1.716286540031433,neutral,0,-64,1,The headline discusses potential bans in US allies but does not directly indicate progress or obstacles towards a ban in the US before May 2025.,11
2025-01-19 02:30:00,"With a US ban on TikTok hours away , Trump says he  most likely  will grant an extension",abcnews.go.com,1.063098430633545,positive,1,-63,0,"Trump's statement suggests an extension of the ban, reducing the likelihood of a ban before May 2025.",11
2025-01-19 04:45:00,TikTok goes dark for some users ahead of ban,abcnews.go.com,0.435429960489273,neutral,0,-63,0,"The headline indicates progress towards a ban, suggesting increased likelihood of TikTok being banned before May 2025.",11
2025-01-19 04:45:00,TikTok goes dark in the US ahead of ban,theguardian.com,2.683434009552002,neutral,0,-63,-1,"The headline indicates progress towards a ban, suggesting increased likelihood of TikTok being banned in the US before May 2025.",10
2025-01-19 05:00:00,TikTok goes offline in the US hours before ban comes in,bbc.com,2.963700532913208,negative,-1,-64,0,"The headline indicates progress towards a ban, suggesting increased likelihood of TikTok being banned in the US.",10
2025-01-19 05:30:00,Why is TikTok banned ? What behind the law that shuttered the app,cbsnews.com,-0.0733260959386825,neutral,0,-64,0,The headline is asking about reasons for an existing ban rather than indicating progress towards a future ban.,10
2025-01-19 11:00:00,TikTok makes app unavailable for U . S . users ahead of ban,nbcnews.com,2.2258429527282715,neutral,0,-64,1,"The headline indicates that TikTok is taking steps that could lead to its unavailability in the US, suggesting progress towards a ban.",11
2025-01-19 14:45:00,TikTok is now banned in America . It might not last long,cnn.com,2.8862006664276123,neutral,0,-64,1,"The headline suggests a ban but implies it might not last, making the overall impact unclear and thus neutral.",12
2025-01-19 15:45:00,"Johnson says  we will enforce the law  on TikTok ban , 2 GOP senators break with Trump on extension",nbcnews.com,-1.1989911794662476,neutral,0,-64,1,"Headline indicates political support for enforcing a TikTok ban, increasing its likelihood.",13
2025-01-19 16:15:00,Trump Says He Will Stall TikTok Ban With Executive Order,nytimes.com,-0.6100067496299744,neutral,0,-64,0,Trump's executive order would create obstacles and delay the TikTok ban.,13
2025-01-19 17:45:00,Trump pledges to delay TikTok ban with executive order,theguardian.com,0.0615191869437694,neutral,0,-64,0,Trump's pledge to delay the TikTok ban through an executive order directly reduces the probability of a ban before May 2025.,13
2025-01-19 18:15:00,TikTok says it is restoring service for U . S . users after Trump comments,nbcnews.com,-2.588404655456543,positive,1,-63,0,"Restoring service indicates progress towards resolving issues, reducing likelihood of a ban.",13
2025-01-19 20:00:00,What We Know About the TikTok Ban,nytimes.com,-0.240396961569786,neutral,0,-63,0,The headline does not indicate any specific progress towards or obstacles against a TikTok ban.,13
2025-01-19 21:00:00,TikTok restoring services in US after Trump pledge,bbc.com,-2.494955062866211,positive,1,-62,1,Restoring services indicates progress against a ban.,14
2025-01-19 22:30:00,TikTok Butters Up Trump as It Navigates a Ban in the U . S . ,nytimes.com,0.9403492212295532,positive,1,-61,0,The headline indicates engagement with Trump but does not directly suggest progress towards or obstacles against a ban.,14
2025-01-20 01:15:00,"Man accused of starting fire at Wisconsin congressman office motivated by TikTok ban , police say",cbsnews.com,-2.237927198410034,negative,-1,-62,-1,"The headline suggests legal action or public concern over the TikTok ban, potentially increasing political pressure for a ban.",13
2025-01-20 05:45:00,From backing a ban to being hailed as a savior : Inside Trump TikTok shift,abcnews.go.com,-2.507645606994629,neutral,0,-62,0,The headline describes a shift in Trump's stance on TikTok but does not indicate progress towards or obstacles against a ban.,13
2025-01-20 10:45:00,Content creators respond to TikTok uncertain future in the US,abcnews.go.com,-2.2796905040740967,negative,-1,-63,0,"The headline does not provide any specific information about legal, political, or regulatory actions towards banning TikTok.",13
2025-01-20 13:45:00,TikTok is back online but its ultimate fate in America still lies in Trump hands,cnn.com,-2.9507198333740234,neutral,0,-63,0,"The headline implies that Trump has significant control over TikTok's future in America, suggesting he could potentially push for a ban.",13
2025-01-21 02:15:00,Trump signs executive order to pause US TikTok ban,theguardian.com,1.257979154586792,negative,-1,-64,0,"The headline indicates an obstacle to a TikTok ban, as it shows Trump taking action to pause the ban.",13
2025-01-21 02:30:00,Trump tells Justice Department not to enforce TikTok ban for 75 days,nbcnews.com,-0.1978773921728134,neutral,0,-64,1,"The headline indicates an obstacle to enforcing a TikTok ban, which decreases the probability of a ban before May 2025.",14
2025-01-21 05:15:00,Trump issues an executive order to suspend the US TikTok ban . But can it stick ? ,abcnews.go.com,0.906385898590088,negative,-1,-65,1,"The executive order suspends the TikTok ban, reducing the likelihood of a ban before May 2025.",15
2025-01-21 05:15:00,Live Updates : Trump Pardons Jan . 6 Rioters and Signs Order on TikTok,nytimes.com,-3.757565498352051,neutral,0,-65,0,The headline does not directly impact the probability of TikTok being banned before May 2025.,15
2025-01-21 05:30:00,Trump brushes off TikTok national security concerns while calling for a 50 % deal,abcnews.go.com,-3.476308107376098,neutral,0,-65,-1,Trump downplaying national security concerns reduces momentum for TikTok ban.,14
2025-01-21 08:30:00,China not happy Trump has tossed TikTok a lifeline,cnn.com,-1.9836422204971316,negative,-1,-66,0,"The headline suggests that Trump's actions are helping TikTok, which decreases the likelihood of a ban.",14
2025-01-21 11:30:00,TikTok had an incredibly wild whirlwind of a weekend,cnn.com,-3.532707691192627,neutral,0,-66,0,"The headline is unrelated to any legal, political, or regulatory actions towards banning TikTok.",14
2025-01-22 00:00:00,Will Trump executive order save TikTok ? Experts weigh in . ,abcnews.go.com,-4.355884552001953,neutral,0,-66,1,"The headline discusses an executive order to save TikTok, which is neutral regarding a ban.",15
2025-01-22 00:30:00,MrBeast is officially bidding for TikTok,cnn.com,-4.090312004089356,neutral,0,-66,1,The bid by MrBeast is unrelated to a potential ban on TikTok.,16
2025-01-22 10:00:00,Trump executive order gives TikTok a reprieve . What happens next ? ,abcnews.go.com,-3.274036407470703,neutral,0,-66,0,"The executive order gives TikTok a reprieve, indicating obstacles or delays to a ban.",16
2025-01-22 19:00:00,"TikTok parent company is in active discussions about a deal , board member says",cnn.com,-3.824041843414306,neutral,0,-66,0,Active discussions about a deal suggest efforts to avoid a ban by negotiating with US authorities.,16
2025-01-22 21:15:00,"TikTok : Trump executive order shows his willingness to skirt federal laws and keep app in limbo , legal experts say",cnn.com,-2.200355052947998,positive,1,-65,1,The headline discusses Trump's willingness to skirt federal laws but does not directly indicate progress towards a ban or obstacles to a ban.,17
2025-01-22 22:00:00,How TikTok became a  poker chip  in a high - stakes game between Trump and China,cnn.com,-3.994739055633545,neutral,0,-65,-1,"The headline suggests TikTok is being used as leverage in a political game, increasing the likelihood of a ban.",16
2025-01-23 00:30:00,"With Trump TikTok extension , new potential U . S . buyers emerge",nbcnews.com,-3.91273832321167,positive,1,-64,0,The emergence of new potential U.S. buyers indicates progress towards a sale or acquisition rather than a ban.,16
2025-01-23 05:45:00,Is TikTok a national security threat – or is the ban a smokescreen for superpower rivalry ? ,theguardian.com,-1.874162435531616,neutral,0,-64,0,"The headline questions the validity of the ban, suggesting uncertainty about its necessity, which does not directly indicate progress towards or obstacles against the ban.",16
2025-01-23 06:00:00,UK minister calls TikTok desirable product but admits  genuine concern | TikTok,theguardian.com,-3.156238555908203,negative,-1,-65,-1,The headline does not indicate any progress towards or obstacles against a ban in the US.,15
2025-01-23 22:00:00,Trump questions whether concerns over TikTok are  that important . Some current and former aides say they are,abcnews.go.com,-4.428829669952393,neutral,0,-65,-1,"The headline indicates Trump downplaying the importance of TikTok concerns, which could reduce political momentum towards banning TikTok.",14
2025-01-23 23:30:00,"In the TikTok Show  Famehungry , All the World an Audience",nytimes.com,-4.460147857666016,neutral,0,-65,-1,"The headline is unrelated to any legal, political, or regulatory actions towards banning TikTok.",13
2025-01-25 17:00:00,Trump says banning TikTok wont make Americans safer from China . He may have a point,cnn.com,1.905901908874512,neutral,0,-65,-1,"The headline suggests Trump's statement implies banning TikTok would not improve safety, potentially reducing support for a ban.",12
2025-01-27 14:00:00,People in the US : share your experience of using TikTok,theguardian.com,-2.0849781036376958,neutral,0,-65,-1,"The headline is unrelated to any legal, political, or regulatory actions towards banning TikTok.",11
2025-01-27 16:30:00,TikTok loaded phones are selling for thousands online after momentary ban,cbsnews.com,-0.1884515583515167,neutral,0,-65,-1,"The headline discusses the resale value of phones due to a temporary ban, which does not directly indicate progress towards a permanent ban.",10
2025-01-28 05:00:00,Trump says Microsoft is one of the companies eyeing TikTok,abcnews.go.com,-4.352276802062988,neutral,0,-65,0,The headline is unrelated to the probability of TikTok being banned before May 2025.,10
2025-01-28 05:30:00,Trump says Microsoft in talks to buy TikTok,bbc.com,-4.267442226409912,neutral,0,-65,0,"Talks of Microsoft buying TikTok indicate potential negotiations to keep TikTok operational in the US, reducing the likelihood of a ban.",10
2025-01-28 05:30:00,"Microsoft is in talks to acquire TikTok , Trump claims",theguardian.com,-4.3557963371276855,neutral,0,-65,0,"Talks of acquisition indicate potential negotiations to keep TikTok operational, reducing likelihood of a ban.",10
2025-01-29 10:30:00,Osaka bans public smoking ahead of Expo 2025,cnn.com,-4.33290433883667,neutral,0,-65,0,Unrelated to TikTok ban in the US.,10
2025-01-29 20:00:00,"TikTok suppressed content critical of Trump , exclusive report alleges",foxnews.com,-2.720517635345459,neutral,0,-65,0,The headline is about content moderation practices and does not directly indicate progress towards or obstacles against a ban.,10
2025-02-03 23:30:00,"Trump orders creation of US sovereign wealth fund , says it could own part of TikTok",abcnews.go.com,-3.036379337310791,neutral,0,-65,-1,"The headline is about the creation of a US sovereign wealth fund and its potential ownership of TikTok, which does not directly indicate progress towards banning TikTok.",9
2025-02-03 23:45:00,Trump says an American sovereign wealth fund could acquire TikTok . Here what we know,cnn.com,-4.279843330383301,neutral,0,-65,0,"Headline suggests a potential acquisition by a US entity, which would prevent a ban.",9
2025-02-05 13:30:00,"My vote to ban TikTok was a mistake , here what Ive learned",foxnews.com,-0.0399059727787971,neutral,0,-65,-1,"The headline indicates a reversal of stance against TikTok, suggesting obstacles or delays to the ban effort.",8
2025-02-06 04:15:00,"US Postal Service flip - flops on Hong Kong - China packages , lifting a ban imposed a day earlier",abcnews.go.com,-4.267725944519043,positive,1,-64,0,The headline is unrelated to TikTok or any efforts towards banning it in the US.,8
2025-02-06 22:00:00,House lawmakers push to ban AI app DeepSeek from US government devices,abcnews.go.com,-2.6905722618103027,neutral,0,-64,0,"The headline is about banning a different AI app, DeepSeek, and does not directly impact TikTok's status in the US.",8
2025-02-07 10:45:00,TikTok sued by parents of united kingdom teens after alleged challenge deaths,bbc.com,-2.7301554679870605,negative,-1,-65,0,The lawsuit is related to safety concerns but does not directly indicate progress towards or obstacles for a potential ban in the US.,8
2025-02-07 14:30:00,TikTok sued over deaths of children said to have attempted  blackout challenge  | TikTok,theguardian.com,-2.892622947692871,negative,-1,-66,0,The headline is about legal action over a specific incident and does not directly indicate progress towards or obstacles against a ban.,8
2025-02-07 22:30:00,Chinese tech giant quietly unveils advanced AI model amid battle over TikTok,abcnews.go.com,-3.2942113876342773,positive,1,-65,0,The headline is about an AI model unveiling and does not directly impact the likelihood of TikTok being banned.,8
2025-02-14 01:45:00,TikTok Returns to Apple and Google App Stores,nytimes.com,-3.866050720214844,neutral,0,-65,-1,"The headline indicates TikTok is returning to app stores, which suggests progress against a ban or legal challenges.",7
2025-02-14 02:00:00,Apple and Google restoring TikTok to U . S . app stores,nbcnews.com,-3.274348258972168,neutral,0,-65,-1,Restoring TikTok to U.S. app stores indicates less regulatory pressure and reduces the likelihood of a ban.,6
2025-02-14 02:30:00,"Apple , Google restore TikTok to their app stores",cbsnews.com,-4.085691928863525,neutral,0,-65,-1,Restoring TikTok to app stores indicates support and reduces pressure for a ban.,5
2025-02-14 11:45:00,Apple to Restore TikTok to US App Store After Letter From Trump Administration,bloomberg.com,-2.5426671504974365,positive,1,-64,0,Restoring TikTok to the US App Store after a letter from the Trump administration indicates a setback for efforts to ban TikTok.,5
2025-02-17 16:45:00,Alleged TikTok smugglers advertise Canada to US border passage,foxnews.com,-2.5967750549316406,neutral,0,-64,-1,The headline is unrelated to efforts towards banning TikTok in the US.,4
2025-02-25 19:30:00,  There no better feeling : TikTok star Go - Jo to represent Australia at Eurovision 2025 | Eurovision,theguardian.com,-3.337834358215332,neutral,0,-64,0,Unrelated to TikTok ban efforts.,4
2025-02-28 07:30:00,  TikTok craze behind beauty spot parking issues  ,bbc.com,-3.747307062149048,neutral,0,-64,0,"The headline is unrelated to any legal, political, or regulatory actions towards banning TikTok.",4
2025-03-01 12:45:00,TikTok  craze  behind Peak District bad parking crisis | National parks,theguardian.com,-4.131612777709961,neutral,0,-64,1,"The headline is unrelated to any legal, political, or regulatory actions towards banning TikTok in the US.",5
2025-03-03 01:45:00,"TikTok profiting from sexual livestreams involving children , BBC told",bbc.com,-3.472487449645996,neutral,0,-64,0,The headline indicates potential legal and regulatory issues that could increase pressure for a ban.,5
2025-03-05 23:30:00,Im using TikTok to recruit women into construction,bbc.com,-3.8069777488708496,neutral,0,-64,-1,"The headline is unrelated to any legal, political, or regulatory actions towards banning TikTok in the US.",4
2025-03-06 18:45:00,Albania shuts down TikTok for a year amid concerns over violence among children,cnn.com,-2.3960185050964355,negative,-1,-65,0,"The headline is about Albania shutting down TikTok, which is unrelated to a potential ban in the US before May 2025.",4
2025-03-06 22:45:00,Trump Open to Again Extending TikTok Deadline If Necessary,bloomberg.com,-3.205371856689453,neutral,0,-65,0,"Headline indicates Trump may extend the deadline for TikTok, reducing the likelihood of a ban before May 2025.",4
2025-03-11 08:45:00,Indonesia : TikToker jailed for telling Jesus to cut his hair,bbc.com,-4.144754409790039,negative,-1,-66,0,Unrelated to TikTok ban efforts in the US.,4
2025-03-15 06:00:00,Vance hopeful  high - level  TikTok deal will be completed by early April,abcnews.go.com,-4.486502647399902,neutral,0,-66,-1,"Headline indicates progress towards a deal, reducing likelihood of a ban.",3
2025-03-19 22:30:00,"TikTok is full of ADHD advice , but nearly half of it is misleading , study finds",abcnews.go.com,-3.898593425750733,neutral,0,-66,0,The headline is unrelated to the likelihood of TikTok being banned.,3
2025-03-24 18:15:00,TikTok withdraws controversial  chubby  filter,cnn.com,-2.4998745918273926,neutral,0,-66,0,The withdrawal of a filter is unrelated to the likelihood of TikTok being banned in the US.,3
2025-03-25 09:00:00,Non - compete clauses to be banned for most workers in 2025 federal budget after competition review,theguardian.com,-3.550845146179199,negative,-1,-67,0,Unrelated to TikTok ban efforts.,3
2025-03-26 23:45:00,Trump floats tariff reduction if China agrees to TikTok deal,nbcnews.com,-2.274984836578369,positive,1,-66,-1,"Headline suggests potential reduction in tariffs if China agrees to a TikTok deal, which could weaken efforts towards banning TikTok in the US.",2
2025-03-27 08:45:00,TikTok removes hashtag used by cartel members as border agent warns of threat,foxnews.com,-2.9425253868103027,negative,-1,-67,0,The headline is unrelated to the likelihood of TikTok being banned in the US before May 2025.,2
2025-04-01 10:30:00,The deadline for TikTok to be sold in the US is fast approaching . Here what we know,cnn.com,-1.022369146347046,neutral,0,-67,-1,"The headline indicates an approaching deadline for TikTok to be sold, suggesting efforts towards a sale rather than a ban.",1
2025-04-01 20:30:00,"Trump to consider final TikTok proposal Wednesday , sources say",cbsnews.com,-4.349098205566406,neutral,0,-67,0,"The headline does not indicate progress towards or obstacles against a TikTok ban, merely that a proposal will be considered.",1
2025-04-02 04:00:00,Trump to Weigh TikTok Sale Plans Days Before Deadline,bloomberg.com,-4.050655841827393,neutral,0,-67,-1,Headline indicates potential sale plans which could prevent a ban.,0
2025-04-02 08:00:00,Trump to consider final proposal on TikTok future as US ban deadline looms,theguardian.com,1.2465498447418213,neutral,0,-67,1,"The headline indicates consideration of a final proposal, which does not directly suggest progress towards or away from a ban.",1
2025-04-02 19:30:00,Amazon joins list of TikTok suitors as deadline for U . S . buyer nears,nbcnews.com,-4.317916870117188,neutral,0,-67,-1,"Amazon joining the list of TikTok suitors suggests potential negotiations for TikTok to be sold to a US company, which could prevent a ban.",0
2025-04-03 08:45:00,"US bans personnel in China from romantic , sexual relations with Chinese citizens",abcnews.go.com,-2.567281007766724,negative,-1,-68,0,The headline is unrelated to TikTok operations or regulations in the US.,0
2025-04-04 09:30:00,TikTok ban deadline looms amid last - minute takeover bids,theguardian.com,0.6907944083213806,negative,-1,-69,1,Last-minute takeover bids suggest efforts to prevent a ban by selling TikTok to a US company.,1
2025-04-04 18:15:00,Trump to delay enforcement of TikTok ban with another executive order,cbsnews.com,0.3189271688461303,negative,-1,-70,-1,"The headline indicates a delay in enforcing the TikTok ban, which decreases the probability of the ban happening before May 2025.",0
2025-04-04 19:00:00,Trump extends deadline to keep TikTok running in US,bbc.com,-0.7278779745101929,neutral,0,-70,0,Extending the deadline to keep TikTok running in the US indicates obstacles or delays to a ban.,0
2025-04-04 19:15:00,"Trump extends TikTok deal deadline by 75 days , touts  tremendous progress  ",nbcnews.com,-3.794417381286621,neutral,0,-70,-1,The extension of the TikTok deal deadline indicates delays and obstacles to a ban.,-1
2025-04-04 20:15:00,"TikTok New Owner Stands to Inherit 1 , 500 Lawsuits Over Child Safety , Privacy",bloomberg.com,-3.6125974655151367,neutral,0,-70,-1,"The headline indicates potential legal obstacles for the new owner, which could weaken efforts to keep TikTok operational in the US without a ban.",-2
2025-04-04 20:15:00,Trump to extend TikTok ban enforcement deadline to continue work on a deal to sell it,cnn.com,0.4383500516414642,negative,-1,-71,-1,"The headline indicates an extension of the ban enforcement deadline and efforts towards a deal to sell TikTok to a US company, which decreases the likelihood of a ban.",-3
2025-04-04 20:15:00,China Will Decide TikTok Fate in America,bloomberg.com,-0.4391915500164032,neutral,0,-71,-1,The headline does not indicate progress towards or obstacles against a TikTok ban in the US.,-4
2025-04-04 21:45:00,Trump to extend TikTok ban enforcement deadline after China tariffs derail deal,cnn.com,2.106921911239624,negative,-1,-72,0,The extension of the TikTok ban enforcement deadline indicates continued efforts towards enforcing the ban.,-4
2025-04-05 02:45:00,A deal for TikTok seemingly falls hostage to the US - China trade war,abcnews.go.com,-0.6943421959877014,neutral,0,-72,-1,"The headline suggests potential obstacles due to the trade war, increasing the likelihood of a TikTok ban.",-5
2025-04-11 15:00:00,TikTok travel influencer left housebound by ill health,bbc.com,-3.2237370014190674,negative,-1,-73,0,"The headline is unrelated to any legal, political, or regulatory actions towards banning TikTok in the US.",-5
2025-04-15 16:30:00,"Starbucks announces uniform change , sparks criticism on TikTok",abcnews.go.com,-3.711440563201904,negative,-1,-74,0,Unrelated to TikTok ban efforts or regulations.,-5
2025-04-16 13:15:00,"Chinese factories are flooding TikTok with luxury goods . Not so fast , experts say",cnn.com,-2.8792099952697754,negative,-1,-75,0,"The headline is unrelated to any legal, political, or regulatory actions towards banning TikTok in the US.",-5
2025-04-16 16:15:00,Nvidia ( NVDA ) Says US Has Imposed New China Restrictions on H20 Chips,bloomberg.com,-4.048882007598877,negative,-1,-76,0,The headline is unrelated to TikTok's status in the US.,-5
2025-04-17 00:00:00,"How safe it is to fly , Harvard funding freeze , Chinese manufacturers take to TikTok : Catch up on the day stories",cnn.com,-4.417605400085449,neutral,0,-76,0,The headline is unrelated to any efforts or developments regarding a potential ban on TikTok in the US.,-5
2025-04-21 11:30:00,"China to retaliate with sanctions on US officials , NGO leaders over Hong Kong issues",abcnews.go.com,-4.382476329803467,negative,-1,-77,0,The headline is unrelated to TikTok or any efforts towards banning it in the US.,-5
2025-04-24 11:15:00,"TikTok astrologer arrested for predicting another powerful earthquake in Myanmar , spreading panic",cbsnews.com,-2.375375270843506,negative,-1,-78,0,The arrest of a TikTok astrologer for spreading panic about earthquakes is unrelated to the likelihood of TikTok being banned in the US.,-5
