date,title,domain,relevance_score,sentiment_predicted_FinBERT,numeric_sentiment_FinBERT,sentiment_trend_FinBERT,sentiment_predicted_QWEN,qwen_reason,sentiment_trend_QWEN
2025-03-20 00:45:00,Israel extends ground operations in Gaza after deadly air strikes,bbc.com,-1.902811408042908,negative,-1,-1,-1,The extension of ground operations suggests continued conflict rather than a move towards a ceasefire.,-1
2025-03-20 04:15:00,Israeli Forces Begin Limited Ground Operation in Gaza,bloomberg.com,-2.1458945274353027,negative,-1,-2,-1,"The headline suggests ongoing military activity, which is not conducive to achieving a ceasefire.",-2
2025-03-20 11:30:00,"Palestinians killed in new Israeli Gaza strikes , says Hamas - run agency",bbc.com,-2.2231597900390625,negative,-1,-3,0,"The headline indicates ongoing conflict, which is not conducive to a ceasefire.",-2
2025-03-20 11:45:00,Israeli strikes in Gaza reportedly kill dozens overnight and into Thursday,foxnews.com,-3.377286434173584,negative,-1,-4,-1,"The headline indicates continued military action, which is not conducive to reaching a ceasefire.",-3
2025-03-20 14:00:00,"Israeli troops return to Gaza City , impose blocade",foxnews.com,-3.2629432678222656,negative,-1,-5,-1,"The headline suggests continued military presence and blockade, which are not conducive to an imminent ceasefire.",-4
2025-03-20 15:30:00,Hamas fires rockets at Israel for first time since truce collapses as toll mounts in Gaza,cnn.com,-0.6594315767288208,negative,-1,-6,-1,"The headline indicates that Hamas has resumed attacks, which is detrimental to the prospects of a ceasefire.",-5
2025-03-20 18:30:00,David Lammy is right : the Israeli blockade of Gaza is a breach of international law | Foreign policy,theguardian.com,-3.2195467948913574,negative,-1,-7,-1,"The headline suggests continued conflict and potential international condemnation, which is not favorable for an imminent ceasefire.",-6
2025-03-20 20:00:00,Israel launches ground operation in Rafah,foxnews.com,-3.888763666152954,neutral,0,-7,-1,"The launch of a ground operation suggests increased tension and conflict, which is not conducive to achieving a ceasefire before July.",-7
2025-03-21 11:00:00,"Strikes in Gaza kill 85 overnight , bringing the total since Israel broke the ceasefire to nearly 600",nbcnews.com,-0.6449289917945862,negative,-1,-8,-1,"The headline indicates ongoing violence, which is detrimental to the prospects of a ceasefire.",-8
2025-03-21 13:30:00,Israel will take more territory in Gaza if Hamas refuses to release hostages,foxnews.com,-0.4196749925613403,negative,-1,-9,-1,"The headline suggests potential escalation rather than de-escalation, which is negative for the odds of a ceasefire before July.",-9
2025-03-21 15:30:00,Israel to  seize more ground  and warns Hamas it will annex parts of Gaza | Israel - Gaza war,theguardian.com,-1.0528912544250488,neutral,0,-10,-1,"The headline suggests aggressive actions by Israel, which decreases the likelihood of a ceasefire before July.",-10
2025-03-21 15:30:00,Hamas weighs latest US ceasefire plan as Israel threatens to keep seizing Gaza land,cnn.com,0.8859661817550659,negative,-1,-10,-1,"The headline suggests tension and potential resistance from both sides, which is not conducive to a ceasefire.",-11
2025-03-22 15:00:00,Israel strikes Hezbollah in response to rocket fire in most significant flare - up of tensions since ceasefire,cnn.com,-2.186946392059326,negative,-1,-11,-1,"The headline indicates an escalation in tensions, which is not favorable for the prospects of a ceasefire before July.",-12
2025-03-23 11:00:00,"50 , 000 killed in Gaza since start of Israel - Hamas war , health ministry says",cnn.com,-3.3141469955444336,negative,-1,-12,-1,"This headline indicates a high death toll, which is generally negative for the prospects of a ceasefire as it suggests continued intense conflict and resistance from both sides.",-13
2025-03-23 11:00:00,"At least 19 killed in Israeli strikes in Gaza , including senior Hamas leader",foxnews.com,-2.10889196395874,negative,-1,-13,-1,"The headline indicates ongoing violence with significant casualties, which is detrimental to the prospects of a ceasefire.",-14
2025-03-23 14:30:00,Former Israeli hostage Agam Berger found God as Hamas captive,foxnews.com,-2.1846747398376465,neutral,0,-13,-1,The finding of a former Israeli hostage does not directly impact the odds of a ceasefire between Israel and Hamas before July.,-15
2025-03-23 15:15:00,Israeli military encircles southern Gaza neighborhood as it escalates renewed offensive,cnn.com,-3.6100316047668457,negative,-1,-14,-1,"The headline suggests an escalation in military action, which is not conducive to achieving a ceasefire.",-16
2025-03-23 23:45:00,Israeli strike at Gaza hospital kills five including Hamas political leader,theguardian.com,-1.9573986530303955,negative,-1,-15,1,"The headline indicates continued conflict escalation, which is detrimental to the prospects of a ceasefire before July.",-15
2025-03-24 09:15:00,"Middle East latest : Egypt offers proposal to get Israel - Hamas ceasefire back on track , officials say",abcnews.go.com,-0.1851392984390258,positive,1,-14,-1,"The headline suggests a potential diplomatic effort to restart ceasefire talks, which is positive for the odds of an Israel-Hamas ceasefire before July.",-16
2025-03-25 21:45:00,Hundreds join protest against Hamas in northern Gaza,theguardian.com,-4.4407806396484375,negative,-1,-15,-1,"The protest against Hamas in northern Gaza suggests growing opposition to Hamas's actions, which could complicate efforts towards a ceasefire and make it less likely to occur before July.",-17
2025-03-25 22:30:00,Palestinians take part in largest anti - Hamas protests in Gaza since start of war,cnn.com,-4.250185489654541,neutral,0,-15,-1,"The headline indicates continued opposition to Hamas among Palestinians, which may hinder efforts towards a ceasefire.",-18
2025-03-28 02:30:00,Evening Edition : Palestinians Hold Anti - Hamas Protests In Gaza,foxnews.com,-4.4577813148498535,negative,-1,-16,-1,"The headline indicates ongoing internal Palestinian dissent against Hamas, which could hinder a potential ceasefire agreement.",-19
2025-03-28 16:00:00,Israel conducts first strike on Beirut since Hezbollah ceasefire,bbc.com,-2.0212411880493164,neutral,0,-16,-1,"The headline suggests continued military action by Israel, which is not conducive to achieving a ceasefire with Hamas before July.",-20
2025-03-29 01:30:00,Israel strikes Beirut for the first time since a ceasefire ended the latest Israel - Hezbollah war,foxnews.com,-1.7411692142486572,negative,-1,-17,1,"The headline indicates continued conflict, which is not conducive to a ceasefire.",-19
2025-03-29 05:00:00,Israel admits firing at ambulances in Gaza after Palestinians say rescuers missing in Rafah,theguardian.com,-3.3221278190612797,negative,-1,-18,-1,"This headline suggests continued conflict and potential violations, which is not conducive to an imminent ceasefire.",-20
2025-03-29 21:15:00,"Hamas agrees to Egyptian ceasefire proposal , Israel counters",cnn.com,0.87901771068573,positive,1,-17,-1,"The headline indicates that while Hamas has agreed to a ceasefire proposal from Egypt, Israel has not yet accepted it. This suggests a potential rift in reaching a unified agreement, which is不利的。",-21
2025-03-29 21:30:00,Hamas reportedly agrees to release five living Israeli hostages for ceasefire,theguardian.com,3.8838491439819336,positive,1,-16,-1,"This headline suggests a potential breakthrough in negotiations that could lead to a ceasefire, thus improving the odds.",-22
2025-03-30 08:45:00,  They dont want them to know anything : Gaza civilians held in Israel not told families had been killed | Israel - Gaza war,theguardian.com,-4.017971038818359,negative,-1,-17,-1,"The headline suggests ongoing conflict and civilian suffering, which is not conducive to a ceasefire.",-23
2025-03-30 08:45:00,  He insisted we take him to the grave : the Palestinian hostages coming home to catastrophe | Israel - Gaza war,theguardian.com,-3.366823673248291,neutral,0,-17,-1,"The headline suggests ongoing conflict and potential challenges for the hostages, which is negative for the odds of a ceasefire before July.",-24
2025-03-30 14:45:00,Netanyahu says he is  willing  to reach deal to free Israeli hostages | Hamas,theguardian.com,-1.571990728378296,positive,1,-16,-1,"Netanyahu's willingness to reach a deal suggests potential for progress in negotiations, which is positive for the odds of a ceasefire before July.",-25
2025-03-30 18:30:00,"Israel - Gaza war : Wounded Palestinians dying over lack of supplies , surgeon says",bbc.com,-3.7088122367858887,negative,-1,-17,-1,"The headline suggests ongoing difficulties in providing medical supplies to wounded Palestinians, which could indicate continued conflict and hinder the prospects of a ceasefire.",-26
2025-03-31 04:30:00,Israel again expands Gaza war as Netanyahu vows he changing the Middle East . The endgame is unclear as ever,cnn.com,-4.3783040046691895,neutral,0,-17,-1,"The headline suggests continued conflict and uncertainty, which is not favorable for an impending ceasefire.",-27
2025-03-31 10:15:00,Israeli military orders evacuation of Rafah as its Gaza offensive intensifies,nbcnews.com,-4.215048789978027,negative,-1,-18,1,"The headline suggests an intensification of the conflict, which is not favorable for the prospects of a ceasefire before July.",-26
2025-03-31 18:45:00,Israel orders evacuation of southern Gaza city of Rafah,bbc.com,-3.507833242416382,negative,-1,-19,-1,"This action suggests ongoing military operations and could escalate tensions, making a ceasefire less likely before July.",-27
2025-04-01 06:15:00,Israeli strike kills three in Beirut in test of fragile ceasefire with Hezbollah,cnn.com,-2.269172191619873,negative,-1,-20,-1,The strike on Beirut during a fragile ceasefire indicates potential tensions and could undermine the prospects of a lasting ceasefire between Israel and Hamas before July.,-28
2025-04-02 05:30:00,Israel - Gaza war : Israeli defence minister announces expansion of military operations in Gaza – latest updates,theguardian.com,-2.126290798187256,neutral,0,-20,-1,The announcement of expanding military operations suggests increased tension and less likelihood of a ceasefire.,-29
2025-04-02 06:00:00,"Israel announces expansion of military operation in Gaza to seize  large area of land , ordering residents to leave",cnn.com,-2.45892596244812,negative,-1,-21,-1,"The headline indicates an escalation in military operations, which is likely to worsen the situation and reduce the chances of a ceasefire before July.",-30
2025-04-02 06:15:00,Israel to expand military operation and seize  large area of Gaza,bbc.com,-2.827989101409912,positive,1,-20,-1,"The headline suggests an escalation in military operations, which is not conducive to achieving a ceasefire.",-31
2025-04-02 10:15:00,Israeli military operation in Gaza expanding to seize  large area :  Expanding to crush and clean the area  ,foxnews.com,-3.908755302429199,positive,1,-19,-1,The headline suggests continued military action which is not conducive to reaching a ceasefire.,-32
2025-04-02 12:45:00,"Israel military will expand operations and seize  large area of Gaza , defense minister says",nbcnews.com,-3.3231136798858643,positive,1,-18,-1,"This headline suggests increased military action, which is not conducive to achieving a ceasefire.",-33
2025-04-02 18:15:00,Gaza bakeries shut and painkillers on ration after month of Israeli blockade,bbc.com,-4.244378089904785,negative,-1,-19,-1,"The headline indicates ongoing conflict and shortages, which are not conducive to a ceasefire.",-34
2025-04-03 15:30:00,Israel has chosen military occupation over a ceasefire in Gaza . Where does this end ? | Sanam Vakil,theguardian.com,-0.4683722555637359,neutral,0,-19,-1,"The headline suggests that Israel's continued military actions are hindering the prospects of a ceasefire, thus negatively impacting the odds.",-35
2025-04-04 12:15:00,"Israeli strike on Gaza school allegedly kills 31 Palestinians , many kids , but IDF says it hit Hamas",cbsnews.com,-3.696971654891968,negative,-1,-20,-1,"The headline indicates continued conflict and violence, which is detrimental to the prospects of a ceasefire.",-36
2025-04-04 19:30:00,Israel expands ground operations in north Gaza after deadly strike on school,abcnews.go.com,-2.888558149337769,negative,-1,-21,-1,"The expansion of ground operations suggests increased tension and conflict, which is not favorable for achieving a ceasefire before July.",-37
2025-04-06 00:15:00,Israel admits mistakes over medic killings in Gaza,bbc.com,-4.383916854858398,negative,-1,-22,-1,The admission of mistakes does not directly impact the likelihood of a ceasefire.,-38
2025-04-06 16:00:00,Hamas quietly slashes Gaza death toll amid latest Israeli offensive,foxnews.com,-2.517789125442505,negative,-1,-23,0,"Hamas reducing reported casualties may indicate they are struggling to maintain their narrative and could be weakening their position, which is not positive for a potential ceasefire.",-38
2025-04-07 05:30:00,  War without limit : Aid agencies sound the alarm as Israel Gaza blockade enters a second month,cnn.com,-2.3328797817230225,neutral,0,-23,-1,"The headline suggests ongoing conflict and potential humanitarian issues, which are不利因素，不利于以色列和哈马斯在七月前达成停火协议。",-39
2025-04-07 06:45:00,"Israel military razed Gaza perimeter land to create  kill zone , soldiers say | Israel - Gaza war",theguardian.com,-4.097681045532227,negative,-1,-24,-1,"The headline suggests continued aggressive actions by Israel, which decreases the likelihood of a ceasefire before July.",-40
2025-04-07 08:15:00,Israel - Hamas war : Aid agencies sound the alarm as Gaza blockade enters a second month,cnn.com,-0.165847435593605,negative,-1,-25,-1,"The headline suggests ongoing conflict and a blockade, which is not conducive to a ceasefire.",-41
2025-04-07 17:15:00,When is this Labour government going to break its silence on Gaza ? | Israel - Gaza war,theguardian.com,-3.921263694763184,neutral,0,-25,-1,"The headline suggests dissatisfaction with the current government's lack of action or statement, which could indicate potential delays or inaction in reaching a ceasefire, thus negatively impacting the odds.",-42
2025-04-07 19:00:00,Israeli soldiers reveal systematic destruction of Palestinian property to create Gaza buffer zone,cnn.com,-4.12703800201416,negative,-1,-26,-1,"The headline suggests ongoing conflict and potential escalation, which is not conducive to a ceasefire.",-43
2025-04-09 14:30:00,"Israeli strike on Gaza City residential block killed at least 23 , officials say",theguardian.com,-3.8427655696868896,negative,-1,-27,-1,"This headline indicates ongoing conflict and increased violence, which is detrimental to the prospects of a ceasefire.",-44
2025-04-09 21:15:00,  Part of us is still in Gaza : Freed Israeli hostages fight for a new ceasefire,bbc.com,0.2526269555091858,neutral,0,-27,-1,"The statement suggests that some Israeli hostages are still fighting for a new ceasefire, which implies ongoing resistance and could hinder the achievement of a ceasefire before July.",-45
2025-04-10 17:00:00,Israeli reservists fired after calling for hostage release even if it requires immediate truce,cnn.com,-1.090949296951294,negative,-1,-28,-1,"The headline suggests resistance to an immediate truce, which is not conducive to achieving a ceasefire before July.",-46
2025-04-10 21:00:00,Israel will expand Gaza  security zone to include Rafah,bbc.com,-3.3073978424072266,positive,1,-27,-1,Expanding the security zone suggests increased tension and less likelihood of a ceasefire.,-47
2025-04-10 22:45:00,Israel political leaders steering ceasefire talks frustrate mediators,cnn.com,-1.8251705169677732,negative,-1,-28,-1,"The headline suggests that political leaders are not cooperating with mediators, which is likely to hinder the progress of ceasefire talks and reduce the odds of a successful agreement before July.",-48
2025-04-12 00:45:00,"As an Israeli hostage turns 48 , his wife waits for blue ticks on her messages",bbc.com,-3.8623604774475098,neutral,0,-28,-1,"The headline suggests ongoing conflict and no immediate resolution, which is negative for the odds of a ceasefire before July.",-49
2025-04-12 10:30:00,Israel army says it will fire air force reservists who condemned war in Gaza,nbcnews.com,-3.060561180114746,negative,-1,-29,-1,"This headline suggests internal discord within the Israeli military, which could negatively impact the prospects of a ceasefire with Hamas.",-50
2025-04-12 16:15:00,Israel Gaza offensive pushes hundreds of thousands of Palestinians into an ever - shrinking bubble,cnn.com,-2.9283807277679443,negative,-1,-30,-1,"The headline suggests the situation in Gaza is worsening, which is not conducive to reaching a ceasefire before July.",-51
2025-04-12 19:30:00,"Israel takes control of Rafah , creating new  security corridor  in Gaza",abcnews.go.com,-3.5310444831848145,neutral,0,-30,-1,This action may escalate tensions and hinder the prospects of a ceasefire.,-52
2025-04-13 06:00:00,"Gaza hospital hit by Israeli strike , Hamas says",bbc.com,-2.6084189414978027,negative,-1,-31,-1,"This headline indicates ongoing conflict and potential escalation, which is not conducive to achieving a ceasefire before July.",-53
2025-04-13 12:15:00,Israeli strike destroys part of last fully functioning hospital in Gaza City,cnn.com,-4.201302528381348,negative,-1,-32,-1,"The headline indicates continued military action, which is detrimental to the prospects of a ceasefire.",-54
2025-04-13 14:45:00,Freed Israeli hostage pleads with Trump to release brother from Hamas  lunatics  ,foxnews.com,-1.218945026397705,positive,1,-31,-1,"The headline suggests continued tension and conflict, which is not conducive to a ceasefire.",-55
2025-04-13 15:00:00,Israeli strike destroys part of hospital in Gaza City,cbsnews.com,-4.046408653259277,negative,-1,-32,-1,"The headline indicates continued military action, which is不利的 对于以色列和哈马斯在七月前达成停火协议的可能性。",-56
2025-04-14 13:30:00,Israel return to war in Gaza criticised by ex - Mossad operatives | Israel - Gaza war,theguardian.com,-2.4580135345458984,negative,-1,-33,-1,"The criticism from ex-Mossad operatives suggests potential internal disagreement and may indicate continued instability, which is not favorable for an imminent ceasefire.",-57
2025-04-15 15:00:00,IDF eliminates top Hamas commander responsible for arming terrorists in Gaza,foxnews.com,-3.6389894485473633,negative,-1,-34,-1,The elimination of a top Hamas commander likely increases tensions and reduces the chances of a ceasefire before July.,-58
2025-04-15 23:00:00,Edan Alexander : Hamas says it has lost contact with US - Israeli hostage in Gaza,bbc.com,-0.3339830040931701,negative,-1,-35,-1,The headline suggests potential diplomatic complications which could negatively impact the prospects of a ceasefire between Israel and Hamas.,-59
2025-04-16 11:45:00,Hamas has  lost contact  with group holding American - Israeli hostage Edan Alexander,nbcnews.com,-0.9363733530044556,negative,-1,-36,-1,"This headline suggests potential instability within Hamas, which could negatively impact the chances of a ceasefire.",-60
2025-04-16 18:00:00,"No plans to allow any aid into Gaza , says Israeli minister",theguardian.com,-4.340821266174316,neutral,0,-36,-1,"This statement suggests continued obstruction to aid, which is not conducive to a ceasefire and could prolong the conflict.",-61
2025-04-16 22:15:00,Members of Board of Deputies of British Jews condemn Israel Gaza offensive,bbc.com,-3.2334280014038086,neutral,0,-36,-1,"The condemnation may lead to increased international pressure on Israel, potentially complicating the prospects for a ceasefire.",-62
2025-04-17 17:30:00,"Wave of Israeli airstrikes kill at least 40 people across Gaza , says Hamas",theguardian.com,-2.488045215606689,negative,-1,-37,-1,"The headline indicates continued intense conflict, which is not conducive to an imminent ceasefire.",-63
2025-04-18 02:30:00,Hamas rejects ceasefire offer as far - right Israeli lawmakers call for escalation in Gaza,cnn.com,0.9672872424125672,negative,-1,-38,-1,"Hamas rejecting the ceasefire offer and far-right Israeli lawmakers calling for escalation suggest a deteriorating situation, reducing the likelihood of a ceasefire before July.",-64
2025-04-20 00:30:00,Israel Benjamin Netanyahu vows to continue war in Gaza despite growing opposition at home,cnn.com,-3.827414035797119,positive,1,-37,-1,"The headline suggests that Netanyahu is not willing to consider a ceasefire and is continuing the conflict, which is not positive for the odds of an Israel x Hamas ceasefire before July.",-65
2025-04-21 17:15:00,Humanitarian agencies reject IDF claim Gaza medic killings caused by  professional failure | Israel - Gaza war,theguardian.com,-4.435904502868652,negative,-1,-38,-1,"This headline suggests potential misconduct by Israeli forces, which could worsen tensions and hinder the prospects of a ceasefire.",-66
2025-04-24 11:15:00,Israeli strikes across Gaza kill at least 26 people,bbc.com,-2.991540908813477,negative,-1,-39,-1,"The headline indicates ongoing conflict with increased casualties, which is not conducive to achieving a ceasefire before July.",-67
2025-04-24 17:45:00,British Jews deeply divided over Israel response to 7 October attacks | Israel - Gaza war,theguardian.com,-3.496920108795166,negative,-1,-40,-1,"The headline suggests internal divisions among British Jews regarding Israel's response, which could indicate potential instability and less unified support for a ceasefire, negatively impacting the odds.",-68
2025-04-25 16:00:00,UN runs out of food in Gaza two months after Israel total blockade,cnn.com,-4.196637153625488,negative,-1,-41,-1,"The headline suggests ongoing conflict and humanitarian issues, which are not favorable for achieving a ceasefire before July.",-69
2025-04-26 18:15:00,Senior Hamas leaders arrive in Cairo for ceasefire talks as Trump says  Weve got to be good to Gaza  ,cnn.com,-1.7244892120361328,neutral,0,-41,-1,The arrival of senior Hamas leaders in Cairo for ceasefire talks and Trump's supportive statement indicate positive developments towards a potential ceasefire.,-70
2025-04-28 22:15:00,"Israeli security chief says hell step down June 15 , facing pressure from Netanyahu",cnn.com,-4.345218658447266,negative,-1,-42,-1,The headline suggests potential internal political pressure that could complicate the ceasefire negotiations.,-71
2025-04-29 08:15:00,Israel accused of using aid as a  weapon of war  against Gaza in World Court hearing,nbcnews.com,-3.636021137237549,negative,-1,-43,-1,"The headline suggests ongoing conflict and potential international condemnation, which is not conducive to a ceasefire.",-72
2025-04-29 23:30:00,Israel releases Palestinian medic who was detained during IDF attack on emergency convoy,cnn.com,-4.358125686645508,negative,-1,-44,1,The release of a detained Palestinian medic from Israel is a positive gesture but may not significantly impact the overall ceasefire negotiations between Israel and Hamas before July.,-71
2025-04-30 11:30:00,Gaza edges closer to famine as Israel total blockade nears its third month,cnn.com,-4.231515884399414,negative,-1,-45,-1,"The headline suggests worsening conditions in Gaza, which could increase tensions and make a ceasefire less likely.",-72
2025-04-30 14:45:00,Israel says it carried out a warning strike in defense of Syria Druze community,nbcnews.com,-4.237833499908447,negative,-1,-46,0,"The headline suggests continued military action by Israel, which is not conducive to achieving a ceasefire with Hamas before July.",-72
2025-05-01 15:15:00,"Netanyahu calls defeating Israel enemies the  supreme objective , not freeing hostages",cnn.com,-4.087847709655762,neutral,0,-46,-1,"The statement by Netanyahu suggests a more aggressive stance against Israel's enemies, which could escalate tensions and make a ceasefire less likely before July.",-73
2025-05-03 14:30:00,"Israel , US in talks to resume aid deliveries to Gaza , source says",cnn.com,-4.017719745635986,positive,1,-45,-1,"This headline suggests potential easing of tensions and improved humanitarian conditions, which could positively impact the odds of a ceasefire before July.",-74
2025-05-04 03:00:00,"Israel calls up thousands of reservists , plans to expand Gaza offensive amid stalled hostage talks",cnn.com,-0.6065667271614075,negative,-1,-46,1,"This headline suggests an escalation in the conflict, which is not conducive to reaching a ceasefire before July.",-73
2025-05-04 14:45:00,A missile from Yemen halts flights in Israel hours before top officials vote on plans for Gaza war,nbcnews.com,-3.391652822494507,negative,-1,-47,-1,"The headline suggests potential escalation from another conflict source, which could complicate the situation and reduce the likelihood of a ceasefire before July.",-74
2025-05-04 17:45:00,Hamas executes Palestinians for looting as desperation grows under Israeli blockade,cnn.com,-1.725122332572937,negative,-1,-48,-1,"The headline suggests increasing internal instability and conflict within Hamas ranks, which is not conducive to reaching a ceasefire.",-75
2025-05-04 18:00:00,Israeli army starts calling up reservists for planned expansion to Gaza offensive,bbc.com,-3.0948052406311035,neutral,0,-48,-1,"This headline suggests potential escalation, which is not favorable for achieving a ceasefire before July.",-76
2025-05-06 08:15:00,Hamas says  no point  to talks as Israel plans expanded Gaza offensive,bbc.com,-1.8613622188568115,neutral,0,-48,-1,"Hamas' rejection of talks and Israel's planned offensive suggest deteriorating conditions, reducing the likelihood of a ceasefire before July.",-77
2025-05-06 17:00:00,Palestinians fear escalating suffering after Israel plan to deepen its Gaza offensive,nbcnews.com,-4.056554794311523,negative,-1,-49,-1,"The headline suggests potential for increased conflict, which is not favorable for achieving a ceasefire before July.",-78
2025-05-06 17:00:00,Gaza malnutrition on rise as Israeli blockade enters third month,bbc.com,-4.06084680557251,negative,-1,-50,-1,"The rise in malnutrition due to the Israeli blockade suggests ongoing conflict and humanitarian issues, which are not favorable for reaching a ceasefire before July.",-79
2025-05-07 01:15:00,Trump says three Israeli hostages held in Gaza have died,theguardian.com,-2.318844795227051,negative,-1,-51,-1,"This headline suggests a worsening situation and potential escalation, which is not positive for the odds of a ceasefire before July.",-80
2025-05-07 01:30:00,Trump says less than 2 dozen hostages believed to be alive in Gaza,cbsnews.com,-4.426965713500977,neutral,0,-51,-1,"The headline suggests ongoing conflict and potential casualties, which is not conducive to a ceasefire.",-81
2025-05-07 14:15:00,Houthis say US  backed down  and Israel not covered by ceasefire,bbc.com,-2.3682079315185547,neutral,0,-51,-1,"The headline suggests that the US-backed ceasefire may not be fully effective, which is negative for the odds of an Israel-Hamas ceasefire before July.",-82
2025-05-08 15:45:00,Israeli strikes kill at least 100 in Gaza as status of 3 living hostages remains  uncertain  ,nbcnews.com,-1.4271881580352783,negative,-1,-52,1,"The headline indicates ongoing intense conflict with significant casualties, which is not conducive to a ceasefire.",-81
2025-05-08 17:15:00,Israel vows to  defend ourselves alone  after Trump strikes truce with Houthis,cnn.com,-2.9821889400482178,positive,1,-51,0,"The headline suggests Israel is not relying on external help and may be more assertive, which could complicate reaching a ceasefire.",-81
2025-05-10 04:30:00,Israel - Gaza war : Families of Hamas - held hostages share concerns,bbc.com,0.7184914350509644,negative,-1,-52,-1,"The headline suggests ongoing tensions and potential risks, which are not favorable for an imminent ceasefire.",-82
2025-05-10 14:00:00,India and Pakistan agree immediate US - mediated ceasefire,theguardian.com,-4.469886779785156,positive,1,-51,-1,The agreement between India and Pakistan does not directly impact the Israel-Hamas ceasefire negotiations or their timeline.,-83
2025-05-11 20:00:00,"American hostage Edan Alexander to be released , Hamas claims",foxnews.com,-2.953587532043457,negative,-1,-52,1,The release of an American hostage could improve relations and potentially facilitate a ceasefire between Israel and Hamas.,-82
2025-05-11 22:00:00,Hamas says it will release last living American hostage in Gaza,theguardian.com,-0.8693564534187317,negative,-1,-53,-1,Hamas releasing an American hostage could improve relations and increase the likelihood of a ceasefire.,-83
2025-05-11 23:00:00,"Hamas announces imminent release of Edan Alexander , last known living American hostage",cnn.com,-1.9651288986206052,neutral,0,-53,-1,Hamas releasing an American hostage could improve relations and increase the likelihood of a ceasefire.,-84
2025-05-11 23:00:00,A U . S .- China deal is hinted at and Hamas releases an American hostage : Weekend Rundown,nbcnews.com,-2.710269927978516,negative,-1,-54,-1,The headline mentions unrelated events and does not provide clear information about the Israel-Hamas ceasefire.,-85
2025-05-12 08:45:00,"Israeli - American hostage Edan Alexander to be released Monday , Hamas says",nbcnews.com,-0.6431044340133667,neutral,0,-54,0,The release of an Israeli hostage could be seen as a positive sign for potential negotiations and a ceasefire.,-85
2025-05-12 17:00:00,"Edan Alexander , U . S .- Israeli hostage , released after more than 19 months in captivity , Hamas says",cbsnews.com,-1.8548905849456787,neutral,0,-54,0,The release of an Israeli hostage may help ease tensions and improve the prospects for a ceasefire between Israel and Hamas.,-85
2025-05-12 17:15:00,American hostage Edan Alexander is freed by Hamas,foxnews.com,-3.097165584564209,neutral,0,-54,1,The release of an American hostage by Hamas may indicate internal dynamics within the organization but does not directly improve or worsen the prospects for a ceasefire between Israel and Hamas before July.,-84
2025-05-12 17:15:00,"Trump trip stirs Israeli unease over Saudi talks , Houthi ceasefire",foxnews.com,-4.17141580581665,negative,-1,-55,1,"The headline suggests potential instability due to Israeli unease and a possible ceasefire with the Houthis, which could divert attention and resources away from the Israel-Hamas conflict.",-83
2025-05-12 19:00:00,Last Living US Hostage Released by Hamas Before Trump Visit,bloomberg.com,-2.608696460723877,negative,-1,-56,-1,The release of the last US hostage by Hamas does not directly impact the odds of an Israel-Hamas ceasefire before July.,-84
2025-05-12 21:00:00,Edan Alexander : Israeli - American hostage released by Hamas in Gaza,bbc.com,-0.4711193442344665,neutral,0,-56,-1,The release of an Israeli-American hostage is a positive development that could potentially facilitate further negotiations and improve the atmosphere for a ceasefire.,-85
2025-05-13 14:45:00,Israel Netanyahu Vows to  Finish the Job  of Destroying Hamas,bloomberg.com,-3.217398166656494,neutral,0,-56,1,"The headline suggests continued aggressive intentions from Israel, which decreases the likelihood of a ceasefire with Hamas before July.",-84
2025-05-13 18:15:00,"Israeli air strike on hospital kills at least six people in Gaza , local officials say",bbc.com,-4.427396774291992,negative,-1,-57,-1,"This headline indicates continued violence, which is negative for the odds of an Israel x Hamas ceasefire before July.",-85
2025-05-13 19:45:00,"Israel targets Hamas leader Mohammad Sinwar in hospital strike in Gaza , sources say",cnn.com,-1.3981235027313232,negative,-1,-58,-1,"This headline suggests continued hostilities and intensifies the conflict, which is not conducive to a ceasefire before July.",-86
2025-05-14 06:15:00,Israel hits Gaza hospitals in deadly strikes after pause to allow release of Edan Alexander,theguardian.com,-3.587064027786255,negative,-1,-59,-1,"The headline indicates continued conflict, which is not conducive to achieving a ceasefire before July.",-87
2025-05-14 08:30:00,"Israel targets Hamas leader Mohammed Sinwar in hospital strike in Gaza , sources say",cnn.com,-1.4036846160888672,negative,-1,-60,-1,"This headline suggests continued hostilities and intensifies the conflict, which is not conducive to a ceasefire before July.",-88
2025-05-14 09:45:00,"Israeli strikes in northern Gaza kill at least 48 , hospital says",bbc.com,-4.084327697753906,negative,-1,-61,-1,"This headline indicates ongoing conflict and increased violence, which is not conducive to achieving a ceasefire before July.",-89
2025-05-14 14:45:00,"Israeli strikes in Gaza kill scores , dimming hope for a ceasefire despite Trump mounting pressure",cbsnews.com,-1.647343635559082,negative,-1,-62,-1,"The headline indicates continued conflict and suggests that efforts to achieve a ceasefire are not bearing fruit, thus diminishing the chances of a ceasefire before July.",-90
2025-05-14 14:45:00,"Accused of making starvation a  bargaining chip , Israel launches another wave of strikes on Gaza",nbcnews.com,-4.317032814025879,negative,-1,-63,1,The headline suggests continued conflict rather than a move towards a ceasefire.,-89
2025-05-15 11:45:00,Intense wave of Israeli airstrikes across Gaza kill at least 80,theguardian.com,-4.0757737159729,negative,-1,-64,1,"The headline indicates an escalation in violence, which is detrimental to the prospects of a ceasefire.",-88
2025-05-17 10:15:00,Israel launches major offensive as Gaza rescuers say scores killed,bbc.com,-2.9711132049560547,negative,-1,-65,-1,"The headline indicates ongoing conflict with increased intensity, which is not favorable for achieving a ceasefire before July.",-89
2025-05-18 10:45:00,"URGENT : Israeli strikes across Gaza kill dozens and force a main hospital to close , health officials say",bloomberg.com,-4.149945259094238,negative,-1,-66,-1,"The headline indicates ongoing conflict with increased violence, which is not conducive to a ceasefire.",-90
2025-05-18 12:30:00,Mediators make fresh push for peace in Gaza as death toll spikes from new Israeli campaign,cnn.com,-4.112421035766602,negative,-1,-67,-1,"The spike in the death toll suggests continued conflict, which is not favorable for an imminent ceasefire.",-91
2025-05-18 12:30:00,Gaza ceasefire talks continue as Israel carries out fresh wave of strikes,theguardian.com,0.5711566209793091,positive,1,-66,0,"The continuation of ceasefire talks alongside Israeli strikes suggests little progress towards a lasting agreement, thus negatively impacting the odds of a ceasefire before July.",-91
2025-05-18 13:45:00,"Israeli strikes across Gaza kill dozens and force a main hospital to close , health officials say",nbcnews.com,-3.818737506866455,negative,-1,-67,-1,"The headline indicates continued conflict with increased violence, which is detrimental to the prospects of a ceasefire.",-92
2025-05-18 14:00:00,"Israel strikes pound Gaza , killing dozens and forcing a main hospital to close",cbsnews.com,-3.4525156021118164,negative,-1,-68,-1,"The headline indicates continued intense conflict, which is not conducive to achieving a ceasefire before July.",-93
2025-05-19 16:45:00,  Our hearts ache : the fight for survival in Gaza amid Israel new offensive and no aid | Israel - Gaza war,theguardian.com,-3.155442237854004,neutral,0,-68,-1,"The headline suggests ongoing conflict and lack of aid, which is not conducive to a ceasefire.",-94
2025-05-19 21:30:00,Israeli ambassador vows Gaza war will continue until all hostages return,foxnews.com,-0.7617725729942322,neutral,0,-68,-1,The statement indicates a continuation of hostilities rather than a move towards a ceasefire.,-95
2025-05-19 22:30:00,"Israeli held by Hamas more than 500 days visits Massachusetts , calls for release of all hostages",cbsnews.com,-1.2697376012802124,neutral,0,-68,-1,"The headline suggests ongoing tensions and no immediate resolution, which is negative for the prospects of a ceasefire.",-96
2025-05-20 09:00:00,"At least 38 killed by Israeli strikes in Gaza in half - hour period , medics say",bbc.com,-4.262593746185303,negative,-1,-69,-1,"This headline indicates ongoing intense conflict, which is not conducive to achieving a ceasefire before July.",-97
2025-05-20 17:30:00,UK pauses trade talks with Israel as pressure grows on Netanyahu to halt Gaza siege,cnn.com,-3.463564872741699,negative,-1,-70,-1,"The headline suggests growing international pressure on Israel, which could potentially prolong the conflict and reduce the chances of a ceasefire before July.",-98
2025-05-20 18:00:00,UK steps up action against Israel over Gaza offensive,bbc.com,-3.537492036819458,neutral,0,-70,-1,"The UK's actions may increase international pressure on Israel, potentially complicating efforts towards a ceasefire.",-99
2025-05-20 18:30:00,UK Pauses Israel Trade Talks and Issues Sanctions Over Gaza,bloomberg.com,-3.859177350997925,negative,-1,-71,-1,"The UK's actions may strain relations and complicate diplomatic efforts, reducing the likelihood of a ceasefire.",-100
2025-05-20 19:00:00,BBC Verify examines Israeli strikes as minimal aid enters Gaza,bbc.com,-4.475054740905762,neutral,0,-71,-1,"The headline suggests ongoing conflict with limited humanitarian aid reaching Gaza, which is not favorable for achieving a ceasefire before July.",-101
2025-05-20 21:00:00,UK and other allies losing patience with Israel over Gaza war,bbc.com,-3.6023945808410645,negative,-1,-72,-1,"The headline suggests growing international pressure on Israel, which could complicate efforts towards a ceasefire before July.",-102
2025-05-20 21:45:00,"Israeli hostage Matan Zangauker alive but in distress , says freed American Edan Alexander",cnn.com,-3.704635620117188,neutral,0,-72,-1,The headline is neutral as it reports on the status of a specific individual without providing broader context about the ceasefire situation.,-103
2025-05-21 12:00:00,"US negotiating Israel - Gaza ceasefire with Hamas through American in Doha , source says",cnn.com,1.6525847911834717,neutral,0,-72,-1,"This headline suggests active negotiations towards a ceasefire, which is positive for the odds of an Israel-Hamas ceasefire before July.",-104
2025-05-21 17:15:00,Gaza aid stalled as Israeli strikes kill at least 82 amid famine warnings,foxnews.com,-3.835818290710449,negative,-1,-73,-1,"The headline indicates ongoing conflict and casualties, which is negative for the prospects of a ceasefire.",-105
2025-05-23 22:00:00,"Suspect in Israeli Embassy slayings railed against Gaza war online , social media paper trail shows",cbsnews.com,-4.236145496368408,neutral,0,-73,-1,"The headline suggests ongoing tensions and potential backlash, which are not favorable for a ceasefire.",-106
2025-05-24 13:45:00,Israel investigates use of Palestinians as human shields by its forces in Gaza,theguardian.com,-3.064724922180176,negative,-1,-74,-1,"The headline suggests potential violations of international law and trust issues, which are negative for the prospects of a ceasefire.",-107
2025-05-24 15:30:00,Israeli hostage families blast security chief nominee over reported deal opposition,cnn.com,-2.97350549697876,negative,-1,-75,-1,"The headline suggests opposition to a potential deal, which could indicate resistance to reaching a ceasefire.",-108
2025-05-25 01:45:00,"France , Saudi Arabia Aim to Disarm Hamas in New Peace Push",bloomberg.com,-3.894350528717041,neutral,0,-75,-1,The headline suggests international efforts to disarm Hamas could positively impact the ceasefire negotiations.,-109
2025-05-25 17:30:00,Israel Latest Strikes in Gaza Kill 38 People Including Children,bloomberg.com,-3.4795801639556885,negative,-1,-76,-1,"The headline indicates ongoing violence, which is detrimental to the prospects of a ceasefire.",-110
2025-05-26 04:15:00,"Israeli strikes across Gaza kill 24 , medics and officials say",bbc.com,-3.2012081146240234,negative,-1,-77,-1,"This headline indicates continued military action, which is not conducive to reaching a ceasefire.",-111
2025-05-26 12:00:00,Israeli strikes kill dozens in Gaza as controversy and concern grow over humanitarian aid,cbsnews.com,-3.9887075424194336,negative,-1,-78,1,"The headline indicates ongoing conflict with increased violence, which is not conducive to a ceasefire.",-110
2025-05-26 12:00:00,Head of controversial Israel - backed Gaza aid group resigns,bbc.com,-4.240880012512207,negative,-1,-79,-1,"The resignation of a head of an Israel-backed aid group in Gaza could lead to tensions and potentially hinder efforts towards a ceasefire, thus negatively impacting the odds of a ceasefire before July.",-111
2025-05-26 22:15:00,Gaza youngest influencer aged 11 among children killed by Israeli strikes | Israel - Gaza war,theguardian.com,-4.380061149597168,negative,-1,-80,-1,"The headline highlights the tragic loss of young lives, which generally increases public pressure for an end to hostilities and could potentially improve the chances of a ceasefire, but the specific mention of children being killed may also heighten tensions.",-112
2025-05-28 10:30:00,Freed Israeli hostages fear for those still held captive by Hamas,cnn.com,0.0800630897283554,negative,-1,-81,-1,"The fear expressed by freed hostages about others still held captive suggests ongoing tensions and instability, which is not conducive to a ceasefire.",-113
2025-05-28 18:15:00,Mohammed Sinwar : Netanyahu says Israel killed elusive Hamas leader,cnn.com,-3.753753900527954,neutral,0,-81,-1,"The headline suggests continued conflict and tension, which is not conducive to a ceasefire.",-114
2025-05-28 19:15:00,Families of hostages stage protests on 600th day of Israel - Gaza war,theguardian.com,-0.3671990036964416,negative,-1,-82,-1,"The headline suggests ongoing conflict and no immediate resolution, which is negative for the odds of a ceasefire before July.",-115
2025-05-29 00:30:00,Former Israeli PM Ehud Olmert condemns Gaza war as humanitarian crisis deepens,abcnews.go.com,-4.408329963684082,negative,-1,-83,1,The condemnation by a former Israeli leader may increase public pressure for a ceasefire but does not directly influence the military actions or negotiations between Israel and Hamas.,-114
2025-05-29 07:45:00,"Israel - Hamas War : Israel Says It Killed Mohammed Sinwar , Head of Hamas in Gaza",bloomberg.com,-1.0749425888061523,negative,-1,-84,-1,"The headline indicates a significant military action by Israel against a high-ranking Hamas official, which is likely to escalate tensions and make a ceasefire more difficult to achieve.",-115
2025-05-29 18:15:00,"Israel accepts new US proposal for ceasefire with Hamas , says Israeli official",cnn.com,1.5662689208984375,positive,1,-83,-1,"This headline suggests progress towards a ceasefire, which is positive for the odds of an Israel-Hamas ceasefire before July.",-116
2025-05-29 21:00:00,White House says Israel signed off on Gaza ceasefire plan,foxnews.com,0.7616125345230103,neutral,0,-83,1,"The White House statement suggests progress towards a ceasefire, which is positive for the odds of an Israel-Hamas ceasefire before July.",-115
2025-05-29 22:30:00,Gazans rush for humanitarian aid as Israeli strikes continue,abcnews.go.com,-3.349067687988281,negative,-1,-84,-1,"The continuation of Israeli strikes suggests ongoing hostilities, which is not conducive to achieving a ceasefire before July.",-116
2025-05-30 05:00:00,It time for Israel to halt its war of devastation in Gaza | Ehud Olmert,theguardian.com,-3.570850133895874,neutral,0,-84,-1,"The headline supports the idea of a ceasefire by calling for an end to the conflict, which is positive for the odds of Israel and Hamas reaching a ceasefire before July.",-117
2025-05-30 05:45:00,Hamas says US ceasefire plan accepted by Israel does not meet demands to end war in Gaza,theguardian.com,1.2873055934906006,negative,-1,-85,-1,Hamas rejecting the US ceasefire plan suggests continued conflict and lower odds of an agreement before July.,-118
2025-05-30 08:45:00,Israel Gaza live updates : Hamas says US Gaza ceasefire plan backed by Israel fails to meet its demands,bbc.com,1.1548686027526855,negative,-1,-86,-1,"The headline indicates that Hamas is dissatisfied with the proposed ceasefire plan, which reduces the likelihood of a successful ceasefire before July.",-119
2025-05-30 08:45:00,Israel Gaza live updates : Hamas says new US Gaza ceasefire plan backed by Israel fails to meet its core demands,bbc.com,1.118476629257202,negative,-1,-87,-1,"The headline indicates that Hamas is dissatisfied with the proposed ceasefire plan, which reduces the likelihood of a successful ceasefire before July.",-120
2025-05-31 13:45:00,"As Hamas mulls U . S .- backed ceasefire proposals , here what at stake for Gaza and Israel",nbcnews.com,0.6080321073532104,neutral,0,-87,-1,"The headline suggests that Hamas is considering a ceasefire proposal from the U.S., which is positive for the prospects of a ceasefire before July.",-121
2025-05-31 13:45:00,Hamas says it reviewing a U . S . ceasefire deal backed by Israel,nbcnews.com,0.9403350949287416,negative,-1,-88,1,"Hamas reviewing a U.S. ceasefire deal may indicate hesitation or potential rejection, which is not positive for the odds of a ceasefire before July.",-120
2025-05-31 15:15:00,"U . N . food trucks blocked , offloaded by hungry Palestinians in Gaza as Hamas considers U . S .- led ceasefire agreement",cbsnews.com,-0.1241420805454254,negative,-1,-89,-1,"The headline suggests potential resistance from Hamas to the proposed ceasefire, which is not positive for the odds of a successful ceasefire before July.",-121
2025-05-31 16:30:00,Hamas agrees to release 10 more hostages,foxnews.com,-0.7205264568328857,neutral,0,-89,-1,Agreeing to release hostages is a positive step towards de-escalation and could improve the chances of a ceasefire.,-122
2025-05-31 18:00:00,Gaza live updates : Hamas pledges to free 10 living hostages but seeks permanent ceasefire in response to US plan,bbc.com,-0.0263352468609809,positive,1,-88,-1,"The pledge for a permanent ceasefire and the mention of a US plan suggest potential for a lasting agreement, which is positive for the odds of an Israel x Hamas ceasefire before July.",-123
2025-05-31 20:00:00,"Hamas response to US plan for Gaza ceasefire  totally unacceptable , Witkoff says",cnn.com,-1.287278413772583,negative,-1,-89,-1,"Hamas rejecting the US plan suggests continued conflict, reducing the chances of a ceasefire before July.",-124
2025-06-01 10:00:00,At least 26 Palestinians killed after Israeli forces open fire near Gaza aid distribution center : Red Crescent,cnn.com,-3.926473379135132,negative,-1,-90,1,"The headline indicates continued violence, which is negative for the odds of a ceasefire before July.",-123
2025-06-01 13:15:00,"Gaza latest : 31 dead after Israeli forces attack near aid centre , says Hamas - run health ministry",bbc.com,-3.4526853561401367,negative,-1,-91,-1,"The headline indicates ongoing violence with high casualties, which is detrimental to the prospects of a ceasefire.",-124
2025-06-01 14:15:00,"Israeli attack near aid delivery point kills more than 30 Palestinians , Gaza health officials say as truce talks falter",cbsnews.com,-1.0683681964874268,negative,-1,-92,-1,"The headline indicates continued violence and faltering truce talks, which is negative for the odds of an Israel x Hamas ceasefire before July.",-125
2025-06-02 00:00:00,Samaritan Purse donates 20 ambulances to Israel following Hamas attacks,foxnews.com,-4.491112232208252,neutral,0,-92,-1,"The donation of ambulances by Samaritan Purse may be seen as a gesture of support for Israel, potentially escalating tensions and making a ceasefire less likely.",-126
2025-06-02 13:45:00,Colorado Attack : Six Injured at Event for Israeli Hostages,bloomberg.com,-4.170851707458496,negative,-1,-93,-1,"The headline suggests ongoing tensions and potential instability, which is negative for the odds of an Israel x Hamas ceasefire before July.",-127
2025-06-03 06:30:00,"At least 15 Palestinians killed by Israeli fire at aid point , Gaza officials say",theguardian.com,-3.841160297393799,negative,-1,-94,-1,"This headline indicates ongoing conflict and violence, which is not conducive to achieving a ceasefire before July.",-128
2025-06-03 10:15:00,"Israeli forces in Gaza kill 27 Palestinians seeking aid , health officials say",nbcnews.com,-3.2119946479797363,negative,-1,-95,1,"This headline indicates continued conflict and violence, which is not conducive to achieving a ceasefire before July.",-127
2025-06-03 13:00:00,Israel mourns three soldiers killed in northern Gaza as war passes 600 days,foxnews.com,-3.404474258422852,neutral,0,-95,1,"The headline indicates ongoing conflict with casualties, which is not conducive to a ceasefire.",-126
2025-06-03 22:30:00,WaPo admits unverified claims about Israeli soldiers killing Gaza civilians,foxnews.com,-4.375913143157959,negative,-1,-96,-1,"The headline suggests potential violations of ceasefire agreements and could escalate tensions, making a ceasefire less likely.",-127
2025-06-04 00:15:00,"Israel warns Palestinians against travel on roads to Gaza aid hubs , labelling them  combat zone | Israel - Gaza war",theguardian.com,-3.4298996925354004,neutral,0,-96,-1,"The headline suggests continued tension and potential conflict, which is not conducive to a ceasefire.",-128
2025-06-04 14:15:00,"U . S .- backed Gaza aid group halts work for a day , asks Israel to minimize risks to Palestinians seeking food",cbsnews.com,-3.940388202667236,negative,-1,-97,-1,"The headline suggests potential tensions and risks for Palestinians, which could negatively impact the ceasefire efforts.",-129
2025-06-04 16:00:00,"Israel warns UN ceasefire resolution undermines Gaza aid , leaves Hamas in power",foxnews.com,0.9664201140403748,negative,-1,-98,-1,"The headline suggests that Israel views the UN ceasefire resolution as unfavorable, which could hinder the chances of a successful ceasefire before July.",-130
2025-06-04 23:00:00,US vetoes resolution for unconditional Gaza ceasefire at UN security council,theguardian.com,-2.183022975921631,negative,-1,-99,-1,The US vetoing a resolution for an unconditional Gaza ceasefire at the UN Security Council suggests a lack of international support and may hinder efforts towards a ceasefire.,-131
2025-06-05 00:30:00,US vetoes UN Security Council resolution demanding Gaza ceasefire,cnn.com,-2.092899799346924,negative,-1,-100,-1,"The US vetoing a UN Security Council resolution for a Gaza ceasefire indicates potential resistance to international efforts for peace, which is negative for the odds of an Israel x Hamas ceasefire before July.",-132
2025-06-05 02:00:00,US vetoes UN Security Council resolution demanding an immediate Gaza ceasefire,abcnews.go.com,-1.781595230102539,negative,-1,-101,-1,"The US vetoing a UN Security Council resolution for an immediate Gaza ceasefire suggests a lack of international pressure for an urgent end to hostilities, which is negative for the odds of a ceasefire before July.",-133
2025-06-05 07:45:00,Israeli military recovers two hostage bodies in southern Gaza,bbc.com,-0.8514870405197144,negative,-1,-102,-1,"The recovery of hostage bodies suggests ongoing conflict and violence, which is not conducive to reaching a ceasefire before July.",-134
2025-06-05 08:00:00,Israel recovers bodies of two hostages abducted in Oct . 7 Hamas attack,foxnews.com,0.3891407549381256,negative,-1,-103,-1,"The recovery of hostages suggests ongoing hostilities, which is not conducive to a ceasefire.",-135
2025-06-05 10:45:00,IDF recovers bodies of two Israeli - American hostages from 7 October attack,theguardian.com,-2.9429421424865723,negative,-1,-104,-1,"The recovery of bodies from an attack suggests ongoing conflict and could indicate that the situation remains volatile, which is not favorable for a ceasefire.",-136
2025-06-05 20:00:00,Israel accused of arming Palestinian gang who allegedly looted aid in Gaza,theguardian.com,-3.900930166244507,negative,-1,-105,-1,"The headline suggests ongoing tensions and potential escalation, which is not favorable for a ceasefire.",-137
2025-06-06 12:15:00,"Israel has  activated  some Palestinian clans opposed to Hamas in Gaza , Netanyahu says",nbcnews.com,-3.413484573364258,neutral,0,-105,-1,This action by Israel may increase tensions and make a ceasefire more difficult to achieve before July.,-138
2025-06-06 18:30:00,Israel confirms it is arming Hamas rivals in operation opposition calls  complete madness  ,cnn.com,-2.3209095001220703,neutral,0,-105,-1,"The headline suggests that Israel is taking actions against potential allies of Hamas, which could escalate tensions and make a ceasefire less likely.",-139
2025-06-06 22:00:00,"Israel arming Gaza militias fighting Hamas , Netanyahu says",abcnews.go.com,-1.9750221967697144,neutral,0,-105,-1,"This headline suggests increased tension and conflict escalation, which is not favorable for achieving a ceasefire before July.",-140
2025-06-07 10:00:00,"Body of Thai hostage retrieved from Gaza , says Israeli defence minister",theguardian.com,-1.9923224449157717,neutral,0,-105,-1,"The retrieval of a hostage body could indicate ongoing conflict and violence, which is not conducive to a ceasefire.",-141
2025-06-07 11:30:00,Israeli forces recover body of Thai hostage killed in captivity in Gaza,foxnews.com,-3.055917739868164,negative,-1,-106,-1,"The recovery of a Thai hostage's body suggests ongoing conflict and violence, which is detrimental to the prospects of a ceasefire.",-142
2025-06-07 12:30:00,"Body of Thai hostage kidnapped into Gaza on Oct . 7 is retrieved in special military operation , Israel says",cbsnews.com,-2.212782382965088,neutral,0,-106,-1,"The retrieval of a hostage could indicate ongoing tensions and military operations, which are not conducive to a ceasefire.",-143
2025-06-07 13:45:00,Thai hostage recovered from southern Gaza in military operation,cnn.com,-4.435787677764893,negative,-1,-107,-1,"The recovery of a hostage from southern Gaza suggests ongoing conflict and military operations, which is not conducive to a ceasefire.",-144
2025-06-07 21:30:00,"Six killed by Israeli gunfire near Gaza aid site , Hamas officials say",bbc.com,-2.438354015350342,negative,-1,-108,-1,"The headline indicates continued conflict and violence, which is not conducive to achieving a ceasefire before July.",-145
2025-06-08 05:00:00,Israel is accused of the gravest war crimes in Gaza,bbc.com,-3.7259693145751953,negative,-1,-109,-1,The accusation of war crimes may escalate tensions and hinder the prospects of a ceasefire.,-146
2025-06-08 11:00:00,"Amid recent string of attacks inspired by Israel - Hamas war , some experts worry counterterrorism not a priority",abcnews.go.com,-3.288381576538086,negative,-1,-110,-1,"The headline suggests ongoing tensions and potential continued conflict, which is不利的 对于以色列和哈马斯在七月前达成停火的几率。",-147
2025-06-08 17:45:00,Israeli military recovers body of elusive Hamas leader Mohammed Sinwar,cnn.com,-3.0623559951782227,negative,-1,-111,-1,The recovery of an elusive Hamas leader's body may indicate ongoing hostilities and could hinder ceasefire negotiations.,-148
2025-06-09 20:30:00,"An Israeli soldier was taken hostage on October 7 . In ceasefire plea , his mother releases video of his brutal capture",cnn.com,-0.3878550827503204,negative,-1,-112,-1,"The hostage situation and the release of a video showing the brutal capture increase tensions, making a ceasefire less likely.",-149
2025-06-10 13:15:00,From Gaza prisoner to  the Israeli agent : how rise of Abu Shabab could ignite new phase of war | Israel - Gaza war,theguardian.com,-3.8841538429260254,neutral,0,-112,-1,"The headline suggests potential escalation due to the rise of Abu Shabab, which is不利的，可能增加冲突升级的风险，从而不利于以色列和哈马斯在七月前达成停火。",-150
2025-06-11 05:15:00,"Hamas has killed 50 Palestinian fighters armed by Israel in Gaza , faction associates say | Israel - Gaza war",theguardian.com,-1.8387575149536133,negative,-1,-113,-1,"The headline suggests continued conflict and violence, which is not conducive to an imminent ceasefire.",-151
2025-06-11 17:45:00,US rejects sanctions on Israeli ministers by five nations amid Gaza war,foxnews.com,-3.6193437576293945,negative,-1,-114,-1,"The rejection of sanctions may indicate continued international pressure and instability, which is not favorable for a ceasefire.",-152
2025-06-11 20:15:00,Trump administration urges other countries to skip UN conference on Israel - Gaza war,theguardian.com,-4.390069961547852,negative,-1,-115,-1,"The headline suggests international isolation for Israel, which could negatively impact diplomatic efforts towards a ceasefire.",-153
2025-06-11 20:15:00,"Israeli forces recover bodies of two hostage in Gaza , PM says",bbc.com,-1.213275909423828,negative,-1,-116,-1,"This headline suggests ongoing conflict and the recovery of hostages, which is not conducive to an imminent ceasefire.",-154
2025-06-12 07:00:00,"UN to vote on resolution demanding Gaza ceasefire , hostage release and aid access",abcnews.go.com,-1.2122973203659058,neutral,0,-116,-1,"The UN's action could potentially put pressure on both sides to reach a ceasefire agreement, thus improving the odds of a ceasefire before July.",-155
2025-06-12 15:30:00,Thousands head to Egypt in bid to break Israel Gaza blockade,cnn.com,-3.538417339324951,neutral,0,-116,1,"This headline suggests ongoing tensions and resistance against the blockade, which could indicate continued conflict rather than a move towards a ceasefire.",-154
