date,title,domain,relevance_score
20250323T110000Z,"50 , 000 killed in Gaza since start of Israel - Hamas war , health ministry says",cnn.com,-3.3141469955444336
20250321T153000Z,Hamas weighs latest US ceasefire plan as Israel threatens to keep seizing Gaza land,cnn.com,0.8859661817550659
20250320T153000Z,Hamas fires rockets at Israel for first time since truce collapses as toll mounts in Gaza,cnn.com,-0.6594315767288208
20250323T151500Z,Israeli military encircles southern Gaza neighborhood as it escalates renewed offensive,cnn.com,-3.6100316047668457
20250325T223000Z,Palestinians take part in largest anti - Hamas protests in Gaza since start of war,cnn.com,-4.250185489654541
20250322T150000Z,Israel strikes Hezbollah in response to rocket fire in most significant flare - up of tensions since ceasefire,cnn.com,-2.186946392059326
20250323T110000Z,"At least 19 killed in Israeli strikes in Gaza , including senior Hamas leader",foxnews.com,-2.1088919639587402
20250321T133000Z,Israel will take more territory in Gaza if Hamas refuses to release hostages,foxnews.com,-0.41967499256134033
20250320T114500Z,Israeli strikes in Gaza reportedly kill dozens overnight and into Thursday,foxnews.com,-3.377286434173584
20250320T140000Z,"Israeli troops return to Gaza City , impose blocade",foxnews.com,-3.2629432678222656
20250320T200000Z,Israel launches ground operation in Rafah,foxnews.com,-3.888763666152954
20250323T143000Z,Former Israeli hostage Agam Berger found God as Hamas captive,foxnews.com,-2.1846747398376465
20250324T091500Z,"Middle East latest : Egypt offers proposal to get Israel - Hamas ceasefire back on track , officials say",abcnews.go.com,-0.18513929843902588
20250321T110000Z,"Strikes in Gaza kill 85 overnight , bringing the total since Israel broke the ceasefire to nearly 600",nbcnews.com,-0.6449289917945862
20250320T041500Z,Israeli Forces Begin Limited Ground Operation in Gaza,bloomberg.com,-2.1458945274353027
20250320T113000Z,"Palestinians killed in new Israeli Gaza strikes , says Hamas - run agency",bbc.com,-2.2231597900390625
20250320T004500Z,Israel extends ground operations in Gaza after deadly air strikes,bbc.com,-1.9028114080429077
20250321T153000Z,Israel to  seize more ground  and warns Hamas it will annex parts of Gaza | Israel - Gaza war,theguardian.com,-1.0528912544250488
20250323T234500Z,Israeli strike at Gaza hospital kills five including Hamas political leader,theguardian.com,-1.9573986530303955
20250325T214500Z,Hundreds join protest against Hamas in northern Gaza,theguardian.com,-4.4407806396484375
20250320T183000Z,David Lammy is right : the Israeli blockade of Gaza is a breach of international law | Foreign policy,theguardian.com,-3.2195467948913574
20250402T060000Z,"Israel announces expansion of military operation in Gaza to seize  large area of land , ordering residents to leave",cnn.com,-2.45892596244812
20250329T211500Z,"Hamas agrees to Egyptian ceasefire proposal , Israel counters",cnn.com,0.87901771068573
20250331T043000Z,Israel again expands Gaza war as Netanyahu vows he changing the Middle East . The endgame is unclear as ever,cnn.com,-4.3783040046691895
20250401T061500Z,Israeli strike kills three in Beirut in test of fragile ceasefire with Hezbollah,cnn.com,-2.269172191619873
20250402T101500Z,Israeli military operation in Gaza expanding to seize  large area :  Expanding to crush and clean the area  ,foxnews.com,-3.908755302429199
20250329T013000Z,Israel strikes Beirut for the first time since a ceasefire ended the latest Israel - Hezbollah war,foxnews.com,-1.7411692142486572
20250328T023000Z,Evening Edition : Palestinians Hold Anti - Hamas Protests In Gaza,foxnews.com,-4.4577813148498535
20250402T124500Z,"Israel military will expand operations and seize  large area of Gaza , defense minister says",nbcnews.com,-3.3231136798858643
20250331T101500Z,Israeli military orders evacuation of Rafah as its Gaza offensive intensifies,nbcnews.com,-4.215048789978027
20250402T061500Z,Israel to expand military operation and seize  large area of Gaza,bbc.com,-2.827989101409912
20250402T181500Z,Gaza bakeries shut and painkillers on ration after month of Israeli blockade,bbc.com,-4.244378089904785
20250331T184500Z,Israel orders evacuation of southern Gaza city of Rafah,bbc.com,-3.507833242416382
20250330T183000Z,"Israel - Gaza war : Wounded Palestinians dying over lack of supplies , surgeon says",bbc.com,-3.7088122367858887
20250328T160000Z,Israel conducts first strike on Beirut since Hezbollah ceasefire,bbc.com,-2.0212411880493164
20250329T213000Z,Hamas reportedly agrees to release five living Israeli hostages for ceasefire,theguardian.com,3.8838491439819336
20250330T144500Z,Netanyahu says he is  willing  to reach deal to free Israeli hostages | Hamas,theguardian.com,-1.571990728378296
20250329T050000Z,Israel admits firing at ambulances in Gaza after Palestinians say rescuers missing in Rafah,theguardian.com,-3.3221278190612793
20250330T084500Z,  They dont want them to know anything : Gaza civilians held in Israel not told families had been killed | Israel - Gaza war,theguardian.com,-4.017971038818359
20250330T084500Z,  He insisted we take him to the grave : the Palestinian hostages coming home to catastrophe | Israel - Gaza war,theguardian.com,-3.366823673248291
20250402T053000Z,Israel - Gaza war : Israeli defence minister announces expansion of military operations in Gaza – latest updates,theguardian.com,-2.126290798187256
20250407T053000Z,  War without limit : Aid agencies sound the alarm as Israel Gaza blockade enters a second month,cnn.com,-2.3328797817230225
20250407T081500Z,Israel - Hamas war : Aid agencies sound the alarm as Gaza blockade enters a second month,cnn.com,-0.16584743559360504
20250407T190000Z,Israeli soldiers reveal systematic destruction of Palestinian property to create Gaza buffer zone,cnn.com,-4.12703800201416
20250406T160000Z,Hamas quietly slashes Gaza death toll amid latest Israeli offensive,foxnews.com,-2.517789125442505
20250404T193000Z,Israel expands ground operations in north Gaza after deadly strike on school,abcnews.go.com,-2.8885581493377686
20250404T121500Z,"Israeli strike on Gaza school allegedly kills 31 Palestinians , many kids , but IDF says it hit Hamas",cbsnews.com,-3.6969716548919678
20250406T001500Z,Israel admits mistakes over medic killings in Gaza,bbc.com,-4.383916854858398
20250409T143000Z,"Israeli strike on Gaza City residential block killed at least 23 , officials say",theguardian.com,-3.8427655696868896
20250403T153000Z,Israel has chosen military occupation over a ceasefire in Gaza . Where does this end ? | Sanam Vakil,theguardian.com,-0.46837225556373596
20250407T064500Z,"Israel military razed Gaza perimeter land to create  kill zone , soldiers say | Israel - Gaza war",theguardian.com,-4.097681045532227
20250407T171500Z,When is this Labour government going to break its silence on Gaza ? | Israel - Gaza war,theguardian.com,-3.9212636947631836
20250410T224500Z,Israel political leaders steering ceasefire talks frustrate mediators,cnn.com,-1.8251705169677734
20250410T170000Z,Israeli reservists fired after calling for hostage release even if it requires immediate truce,cnn.com,-1.090949296951294
20250412T161500Z,Israel Gaza offensive pushes hundreds of thousands of Palestinians into an ever - shrinking bubble,cnn.com,-2.9283807277679443
20250413T121500Z,Israeli strike destroys part of last fully functioning hospital in Gaza City,cnn.com,-4.201302528381348
20250415T150000Z,IDF eliminates top Hamas commander responsible for arming terrorists in Gaza,foxnews.com,-3.6389894485473633
20250413T144500Z,Freed Israeli hostage pleads with Trump to release brother from Hamas  lunatics  ,foxnews.com,-1.218945026397705
20250412T193000Z,"Israel takes control of Rafah , creating new  security corridor  in Gaza",abcnews.go.com,-3.5310444831848145
20250416T114500Z,Hamas has  lost contact  with group holding American - Israeli hostage Edan Alexander,nbcnews.com,-0.9363733530044556
20250412T103000Z,Israel army says it will fire air force reservists who condemned war in Gaza,nbcnews.com,-3.060561180114746
20250413T150000Z,Israeli strike destroys part of hospital in Gaza City,cbsnews.com,-4.046408653259277
20250409T211500Z,  Part of us is still in Gaza : Freed Israeli hostages fight for a new ceasefire,bbc.com,0.2526269555091858
20250415T230000Z,Edan Alexander : Hamas says it has lost contact with US - Israeli hostage in Gaza,bbc.com,-0.33398300409317017
20250410T210000Z,Israel will expand Gaza  security zone to include Rafah,bbc.com,-3.3073978424072266
20250412T004500Z,"As an Israeli hostage turns 48 , his wife waits for blue ticks on her messages",bbc.com,-3.8623604774475098
20250413T060000Z,"Gaza hospital hit by Israeli strike , Hamas says",bbc.com,-2.6084189414978027
20250414T133000Z,Israel return to war in Gaza criticised by ex - Mossad operatives | Israel - Gaza war,theguardian.com,-2.4580135345458984
20250416T180000Z,"No plans to allow any aid into Gaza , says Israeli minister",theguardian.com,-4.340821266174316
20250418T023000Z,Hamas rejects ceasefire offer as far - right Israeli lawmakers call for escalation in Gaza,cnn.com,0.9672872424125671
20250420T003000Z,Israel Benjamin Netanyahu vows to continue war in Gaza despite growing opposition at home,cnn.com,-3.827414035797119
20250416T221500Z,Members of Board of Deputies of British Jews condemn Israel Gaza offensive,bbc.com,-3.2334280014038086
20250417T173000Z,"Wave of Israeli airstrikes kill at least 40 people across Gaza , says Hamas",theguardian.com,-2.4880452156066895
20250421T171500Z,Humanitarian agencies reject IDF claim Gaza medic killings caused by  professional failure | Israel - Gaza war,theguardian.com,-4.435904502868652
20250426T181500Z,Senior Hamas leaders arrive in Cairo for ceasefire talks as Trump says  Weve got to be good to Gaza  ,cnn.com,-1.7244892120361328
20250425T160000Z,UN runs out of food in Gaza two months after Israel total blockade,cnn.com,-4.196637153625488
20250430T113000Z,Gaza edges closer to famine as Israel total blockade nears its third month,cnn.com,-4.231515884399414
20250429T233000Z,Israel releases Palestinian medic who was detained during IDF attack on emergency convoy,cnn.com,-4.358125686645508
20250428T221500Z,"Israeli security chief says hell step down June 15 , facing pressure from Netanyahu",cnn.com,-4.345218658447266
20250429T081500Z,Israel accused of using aid as a  weapon of war  against Gaza in World Court hearing,nbcnews.com,-3.636021137237549
20250430T144500Z,Israel says it carried out a warning strike in defense of Syria Druze community,nbcnews.com,-4.237833499908447
20250424T111500Z,Israeli strikes across Gaza kill at least 26 people,bbc.com,-2.9915409088134766
20250424T174500Z,British Jews deeply divided over Israel response to 7 October attacks | Israel - Gaza war,theguardian.com,-3.496920108795166
20250501T151500Z,"Netanyahu calls defeating Israel enemies the  supreme objective , not freeing hostages",cnn.com,-4.087847709655762
20250504T030000Z,"Israel calls up thousands of reservists , plans to expand Gaza offensive amid stalled hostage talks",cnn.com,-0.6065667271614075
20250503T143000Z,"Israel , US in talks to resume aid deliveries to Gaza , source says",cnn.com,-4.017719745635986
20250504T174500Z,Hamas executes Palestinians for looting as desperation grows under Israeli blockade,cnn.com,-1.725122332572937
20250506T170000Z,Palestinians fear escalating suffering after Israel plan to deepen its Gaza offensive,nbcnews.com,-4.056554794311523
20250504T144500Z,A missile from Yemen halts flights in Israel hours before top officials vote on plans for Gaza war,nbcnews.com,-3.391652822494507
20250507T013000Z,Trump says less than 2 dozen hostages believed to be alive in Gaza,cbsnews.com,-4.426965713500977
20250504T180000Z,Israeli army starts calling up reservists for planned expansion to Gaza offensive,bbc.com,-3.0948052406311035
20250506T081500Z,Hamas says  no point  to talks as Israel plans expanded Gaza offensive,bbc.com,-1.8613622188568115
20250506T170000Z,Gaza malnutrition on rise as Israeli blockade enters third month,bbc.com,-4.06084680557251
20250507T141500Z,Houthis say US  backed down  and Israel not covered by ceasefire,bbc.com,-2.3682079315185547
20250507T011500Z,Trump says three Israeli hostages held in Gaza have died,theguardian.com,-2.318844795227051
20250511T230000Z,"Hamas announces imminent release of Edan Alexander , last known living American hostage",cnn.com,-1.9651288986206055
20250513T194500Z,"Israel targets Hamas leader Mohammad Sinwar in hospital strike in Gaza , sources say",cnn.com,-1.3981235027313232
20250514T083000Z,"Israel targets Hamas leader Mohammed Sinwar in hospital strike in Gaza , sources say",cnn.com,-1.4036846160888672
20250508T171500Z,Israel vows to  defend ourselves alone  after Trump strikes truce with Houthis,cnn.com,-2.9821889400482178
20250512T171500Z,American hostage Edan Alexander is freed by Hamas,foxnews.com,-3.097165584564209
20250511T200000Z,"American hostage Edan Alexander to be released , Hamas claims",foxnews.com,-2.953587532043457
20250512T171500Z,"Trump trip stirs Israeli unease over Saudi talks , Houthi ceasefire",foxnews.com,-4.17141580581665
20250512T084500Z,"Israeli - American hostage Edan Alexander to be released Monday , Hamas says",nbcnews.com,-0.6431044340133667
20250514T144500Z,"Accused of making starvation a  bargaining chip , Israel launches another wave of strikes on Gaza",nbcnews.com,-4.317032814025879
20250508T154500Z,Israeli strikes kill at least 100 in Gaza as status of 3 living hostages remains  uncertain  ,nbcnews.com,-1.4271881580352783
20250511T230000Z,A U . S .- China deal is hinted at and Hamas releases an American hostage : Weekend Rundown,nbcnews.com,-2.7102699279785156
20250514T144500Z,"Israeli strikes in Gaza kill scores , dimming hope for a ceasefire despite Trump mounting pressure",cbsnews.com,-1.647343635559082
20250512T170000Z,"Edan Alexander , U . S .- Israeli hostage , released after more than 19 months in captivity , Hamas says",cbsnews.com,-1.8548905849456787
20250513T144500Z,Israel Netanyahu Vows to  Finish the Job  of Destroying Hamas,bloomberg.com,-3.217398166656494
20250512T190000Z,Last Living US Hostage Released by Hamas Before Trump Visit,bloomberg.com,-2.608696460723877
20250512T210000Z,Edan Alexander : Israeli - American hostage released by Hamas in Gaza,bbc.com,-0.47111934423446655
20250510T043000Z,Israel - Gaza war : Families of Hamas - held hostages share concerns,bbc.com,0.7184914350509644
20250514T094500Z,"Israeli strikes in northern Gaza kill at least 48 , hospital says",bbc.com,-4.084327697753906
20250513T181500Z,"Israeli air strike on hospital kills at least six people in Gaza , local officials say",bbc.com,-4.427396774291992
20250511T220000Z,Hamas says it will release last living American hostage in Gaza,theguardian.com,-0.8693564534187317
20250514T061500Z,Israel hits Gaza hospitals in deadly strikes after pause to allow release of Edan Alexander,theguardian.com,-3.587064027786255
20250510T140000Z,India and Pakistan agree immediate US - mediated ceasefire,theguardian.com,-4.469886779785156
20250518T123000Z,Mediators make fresh push for peace in Gaza as death toll spikes from new Israeli campaign,cnn.com,-4.112421035766602
20250521T120000Z,"US negotiating Israel - Gaza ceasefire with Hamas through American in Doha , source says",cnn.com,1.6525847911834717
20250520T214500Z,"Israeli hostage Matan Zangauker alive but in distress , says freed American Edan Alexander",cnn.com,-3.7046356201171875
20250520T173000Z,UK pauses trade talks with Israel as pressure grows on Netanyahu to halt Gaza siege,cnn.com,-3.463564872741699
20250521T171500Z,Gaza aid stalled as Israeli strikes kill at least 82 amid famine warnings,foxnews.com,-3.835818290710449
20250519T213000Z,Israeli ambassador vows Gaza war will continue until all hostages return,foxnews.com,-0.7617725729942322
20250518T134500Z,"Israeli strikes across Gaza kill dozens and force a main hospital to close , health officials say",nbcnews.com,-3.818737506866455
20250518T140000Z,"Israel strikes pound Gaza , killing dozens and forcing a main hospital to close",cbsnews.com,-3.4525156021118164
20250519T223000Z,"Israeli held by Hamas more than 500 days visits Massachusetts , calls for release of all hostages",cbsnews.com,-1.2697376012802124
20250518T104500Z,"URGENT : Israeli strikes across Gaza kill dozens and force a main hospital to close , health officials say",bloomberg.com,-4.149945259094238
20250520T183000Z,UK Pauses Israel Trade Talks and Issues Sanctions Over Gaza,bloomberg.com,-3.859177350997925
20250517T101500Z,Israel launches major offensive as Gaza rescuers say scores killed,bbc.com,-2.9711132049560547
20250520T090000Z,"At least 38 killed by Israeli strikes in Gaza in half - hour period , medics say",bbc.com,-4.262593746185303
20250520T180000Z,UK steps up action against Israel over Gaza offensive,bbc.com,-3.537492036819458
20250520T210000Z,UK and other allies losing patience with Israel over Gaza war,bbc.com,-3.6023945808410645
20250520T190000Z,BBC Verify examines Israeli strikes as minimal aid enters Gaza,bbc.com,-4.475054740905762
20250518T123000Z,Gaza ceasefire talks continue as Israel carries out fresh wave of strikes,theguardian.com,0.5711566209793091
20250515T114500Z,Intense wave of Israeli airstrikes across Gaza kill at least 80,theguardian.com,-4.0757737159729
20250519T164500Z,  Our hearts ache : the fight for survival in Gaza amid Israel new offensive and no aid | Israel - Gaza war,theguardian.com,-3.155442237854004
20250528T103000Z,Freed Israeli hostages fear for those still held captive by Hamas,cnn.com,0.08006308972835541
20250528T181500Z,Mohammed Sinwar : Netanyahu says Israel killed elusive Hamas leader,cnn.com,-3.753753900527954
20250524T153000Z,Israeli hostage families blast security chief nominee over reported deal opposition,cnn.com,-2.9735054969787598
20250526T120000Z,Israeli strikes kill dozens in Gaza as controversy and concern grow over humanitarian aid,cbsnews.com,-3.9887075424194336
20250523T220000Z,"Suspect in Israeli Embassy slayings railed against Gaza war online , social media paper trail shows",cbsnews.com,-4.236145496368408
20250525T014500Z,"France , Saudi Arabia Aim to Disarm Hamas in New Peace Push",bloomberg.com,-3.894350528717041
20250525T173000Z,Israel Latest Strikes in Gaza Kill 38 People Including Children,bloomberg.com,-3.4795801639556885
20250526T041500Z,"Israeli strikes across Gaza kill 24 , medics and officials say",bbc.com,-3.2012081146240234
20250526T120000Z,Head of controversial Israel - backed Gaza aid group resigns,bbc.com,-4.240880012512207
20250528T191500Z,Families of hostages stage protests on 600th day of Israel - Gaza war,theguardian.com,-0.36719900369644165
20250524T134500Z,Israel investigates use of Palestinians as human shields by its forces in Gaza,theguardian.com,-3.064724922180176
20250526T221500Z,Gaza youngest influencer aged 11 among children killed by Israeli strikes | Israel - Gaza war,theguardian.com,-4.380061149597168
20250531T200000Z,"Hamas response to US plan for Gaza ceasefire  totally unacceptable , Witkoff says",cnn.com,-1.287278413772583
20250529T181500Z,"Israel accepts new US proposal for ceasefire with Hamas , says Israeli official",cnn.com,1.5662689208984375
20250601T100000Z,At least 26 Palestinians killed after Israeli forces open fire near Gaza aid distribution center : Red Crescent,cnn.com,-3.926473379135132
20250529T210000Z,White House says Israel signed off on Gaza ceasefire plan,foxnews.com,0.7616125345230103
20250604T160000Z,"Israel warns UN ceasefire resolution undermines Gaza aid , leaves Hamas in power",foxnews.com,0.9664201140403748
20250603T130000Z,Israel mourns three soldiers killed in northern Gaza as war passes 600 days,foxnews.com,-3.4044742584228516
20250531T163000Z,Hamas agrees to release 10 more hostages,foxnews.com,-0.7205264568328857
20250603T223000Z,WaPo admits unverified claims about Israeli soldiers killing Gaza civilians,foxnews.com,-4.375913143157959
20250602T000000Z,Samaritan Purse donates 20 ambulances to Israel following Hamas attacks,foxnews.com,-4.491112232208252
20250529T003000Z,Former Israeli PM Ehud Olmert condemns Gaza war as humanitarian crisis deepens,abcnews.go.com,-4.408329963684082
20250529T223000Z,Gazans rush for humanitarian aid as Israeli strikes continue,abcnews.go.com,-3.3490676879882812
20250531T134500Z,"As Hamas mulls U . S .- backed ceasefire proposals , here what at stake for Gaza and Israel",nbcnews.com,0.6080321073532104
20250531T134500Z,Hamas says it reviewing a U . S . ceasefire deal backed by Israel,nbcnews.com,0.9403350949287415
20250603T101500Z,"Israeli forces in Gaza kill 27 Palestinians seeking aid , health officials say",nbcnews.com,-3.2119946479797363
20250531T151500Z,"U . N . food trucks blocked , offloaded by hungry Palestinians in Gaza as Hamas considers U . S .- led ceasefire agreement",cbsnews.com,-0.12414208054542542
20250601T141500Z,"Israeli attack near aid delivery point kills more than 30 Palestinians , Gaza health officials say as truce talks falter",cbsnews.com,-1.0683681964874268
20250604T141500Z,"U . S .- backed Gaza aid group halts work for a day , asks Israel to minimize risks to Palestinians seeking food",cbsnews.com,-3.9403882026672363
20250529T074500Z,"Israel - Hamas War : Israel Says It Killed Mohammed Sinwar , Head of Hamas in Gaza",bloomberg.com,-1.0749425888061523
20250602T134500Z,Colorado Attack : Six Injured at Event for Israeli Hostages,bloomberg.com,-4.170851707458496
20250530T084500Z,Israel Gaza live updates : Hamas says new US Gaza ceasefire plan backed by Israel fails to meet its core demands,bbc.com,1.1184766292572021
20250531T180000Z,Gaza live updates : Hamas pledges to free 10 living hostages but seeks permanent ceasefire in response to US plan,bbc.com,-0.026335246860980988
20250530T084500Z,Israel Gaza live updates : Hamas says US Gaza ceasefire plan backed by Israel fails to meet its demands,bbc.com,1.1548686027526855
20250601T131500Z,"Gaza latest : 31 dead after Israeli forces attack near aid centre , says Hamas - run health ministry",bbc.com,-3.4526853561401367
20250530T054500Z,Hamas says US ceasefire plan accepted by Israel does not meet demands to end war in Gaza,theguardian.com,1.2873055934906006
20250530T050000Z,It time for Israel to halt its war of devastation in Gaza | Ehud Olmert,theguardian.com,-3.570850133895874
20250604T001500Z,"Israel warns Palestinians against travel on roads to Gaza aid hubs , labelling them  combat zone | Israel - Gaza war",theguardian.com,-3.4298996925354004
20250603T063000Z,"At least 15 Palestinians killed by Israeli fire at aid point , Gaza officials say",theguardian.com,-3.841160297393799
20250605T003000Z,US vetoes UN Security Council resolution demanding Gaza ceasefire,cnn.com,-2.092899799346924
20250606T183000Z,Israel confirms it is arming Hamas rivals in operation opposition calls  complete madness  ,cnn.com,-2.3209095001220703
20250609T203000Z,"An Israeli soldier was taken hostage on October 7 . In ceasefire plea , his mother releases video of his brutal capture",cnn.com,-0.38785508275032043
20250607T134500Z,Thai hostage recovered from southern Gaza in military operation,cnn.com,-4.435787677764893
20250608T174500Z,Israeli military recovers body of elusive Hamas leader Mohammed Sinwar,cnn.com,-3.0623559951782227
20250611T174500Z,US rejects sanctions on Israeli ministers by five nations amid Gaza war,foxnews.com,-3.6193437576293945
20250607T113000Z,Israeli forces recover body of Thai hostage killed in captivity in Gaza,foxnews.com,-3.055917739868164
20250605T080000Z,Israel recovers bodies of two hostages abducted in Oct . 7 Hamas attack,foxnews.com,0.3891407549381256
20250605T020000Z,US vetoes UN Security Council resolution demanding an immediate Gaza ceasefire,abcnews.go.com,-1.781595230102539
20250606T220000Z,"Israel arming Gaza militias fighting Hamas , Netanyahu says",abcnews.go.com,-1.9750221967697144
20250608T110000Z,"Amid recent string of attacks inspired by Israel - Hamas war , some experts worry counterterrorism not a priority",abcnews.go.com,-3.288381576538086
20250606T121500Z,"Israel has  activated  some Palestinian clans opposed to Hamas in Gaza , Netanyahu says",nbcnews.com,-3.413484573364258
20250607T123000Z,"Body of Thai hostage kidnapped into Gaza on Oct . 7 is retrieved in special military operation , Israel says",cbsnews.com,-2.212782382965088
20250608T050000Z,Israel is accused of the gravest war crimes in Gaza,bbc.com,-3.7259693145751953
20250605T074500Z,Israeli military recovers two hostage bodies in southern Gaza,bbc.com,-0.8514870405197144
20250611T201500Z,"Israeli forces recover bodies of two hostage in Gaza , PM says",bbc.com,-1.2132759094238281
20250607T213000Z,"Six killed by Israeli gunfire near Gaza aid site , Hamas officials say",bbc.com,-2.438354015350342
20250611T201500Z,Trump administration urges other countries to skip UN conference on Israel - Gaza war,theguardian.com,-4.390069961547852
20250604T230000Z,US vetoes resolution for unconditional Gaza ceasefire at UN security council,theguardian.com,-2.183022975921631
20250607T100000Z,"Body of Thai hostage retrieved from Gaza , says Israeli defence minister",theguardian.com,-1.9923224449157715
20250605T104500Z,IDF recovers bodies of two Israeli - American hostages from 7 October attack,theguardian.com,-2.9429421424865723
20250611T051500Z,"Hamas has killed 50 Palestinian fighters armed by Israel in Gaza , faction associates say | Israel - Gaza war",theguardian.com,-1.8387575149536133
20250610T131500Z,From Gaza prisoner to  the Israeli agent : how rise of Abu Shabab could ignite new phase of war | Israel - Gaza war,theguardian.com,-3.8841538429260254
20250605T200000Z,Israel accused of arming Palestinian gang who allegedly looted aid in Gaza,theguardian.com,-3.900930166244507
20250612T153000Z,Thousands head to Egypt in bid to break Israel Gaza blockade,cnn.com,-3.538417339324951
20250612T070000Z,"UN to vote on resolution demanding Gaza ceasefire , hostage release and aid access",abcnews.go.com,-1.2122973203659058
